 Placa ; Tipo de Vehiculo ; Marca ; Año de Fabricacion ; Año del Permiso ; Valor Permiso ; IPC ; Multa ; Correccion Monetaria ; Valor Total ; Fecha de Emision ; Codigo Sii ; Forma de Pago 
RS-9317;CAMIONETA;TOYOTA;1997;2017;23115;370;3523;0;27008;04-01-2018;CT235003597;Contado
WX-1619;CAMION;IVECO;2007;2017;140220;701;6341;0;147262;09-01-2018; ;Contado
GRZD-98;CAMION;JMC;2014;2017;46740;234;2114;0;49088;15-01-2018; ;Contado
HGSB-76;AUTOMOVIL;CHEVROLET;2015;2017;31720;317;2403;189;34440;22-01-2018;SD050028215;2da. Cuota
BLZW-95;CAMIONETA;JAC;2018;2018;218979;0;3285;0;222264;07-02-2018;CT117001118;Contado
YR-1539;CAMIONETA;MITSUBISHI;2005;2017;37063;630;6219;0;43912;20-02-2018;CT166002805;Contado
HWSG-82;CAMIONETA;NISSAN;2016;2018;344618;5859;-5257;0;345220;21-02-2018;CT176032716;Contado
FHBW-98;AUTOMOVIL;KIA MOTORS;2013;2018;79589;0;0;0;79589;27-02-2018;SD132014713;Contado
GSBX-79;STATION WAGON;SUZUKI;2014;2018;126866;0;0;0;126866;27-02-2018;SU229025114;Contado
CGBF-55;CAMIONETA;MITSUBISHI;2010;2018;45433;0;0;0;45433;28-02-2018;CT166004610;1ra. Cuota
WZ-8235;AUTOMOVIL;NISSAN;2007;2018;24500;0;0;0;24500;01-03-2018;SD176020707;Contado
YR-1539;CAMIONETA;MITSUBISHI;2005;2018;36589;0;0;0;36589;01-03-2018;CT166002805;Contado
RR-8706;FURGON;CITROEN;1998;2018;23510;0;0;0;23510;01-03-2018;CO052000898;Contado
JRXH-81;AUTOMOVIL;SUZUKI;2017;2018;36195;0;0;0;36195;01-03-2018;HB229014917;1ra. Cuota
DP-7165;JEEP;CHEVROLET;1991;2018;23510;0;0;0;23510;01-03-2018;SU050001791;Contado
DGXX-93;CAMIONETA;MAHINDRA;2011;2018;50189;0;0;0;50189;02-03-2018;CT154000211;Contado
CFYT-21;CAMIONETA;DODGE;2010;2018;106166;0;0;0;106166;02-03-2018;CT064005810;Contado
GFLS-46;CAMIONETA;FORD;2014;2018;251366;0;0;0;251366;02-03-2018;CT079017314;Contado
VC-1831;STATION WAGON;CHEVROLET;2003;2018;23510;0;0;0;23510;05-03-2018;SD050018103;Contado
PG-5841;JEEP;SUZUKI;1996;2018;23510;0;0;0;23510;05-03-2018;SU229002096;Contado
XF-5916;CAMIONETA;TOYOTA;2004;2018;23510;0;0;0;23510;06-03-2018;CT235003504;Contado
RP-8849;CAMIONETA;CHEVROLET;1998;2018;23510;0;0;0;23510;06-03-2018;CT050003798;Contado
WA-9261;CAMIONETA;MAZDA;2006;2018;53189;0;0;0;53189;06-03-2018;CT160007306;Contado
DGFR-66;STATION WAGON;TOYOTA;2011;2018;152966;0;0;0;152966;06-03-2018;VN235004811;Contado
BLPJ-76;CAMIONETA;MITSUBISHI;2009;2018;39795;0;0;0;39795;07-03-2018;CT166004609;1ra. Cuota
BPPV-77;STATION WAGON;SUZUKI;2008;2018;34995;0;0;0;34995;07-03-2018;SU229021008;1ra. Cuota
YRB-445;CARRO ARRASTRE;HECHIZO;2015;2018;23510;0;0;0;23510;07-03-2018; ;Contado
WF-7433;JEEP;SUZUKI;2006;2018;33989;0;0;0;33989;07-03-2018;SU229017506;Contado
EG-3646;FURGON;VOLKSWAGEN;1974;2018;23510;0;0;0;23510;07-03-2018;SD243000574;Contado
HXVS-20;FURGON;CITROEN;2016;2018;173666;0;0;0;173666;07-03-2018;CO052010116;Contado
GRYK-25;AUTOMOVIL;MERCEDES BENZ;2015;2018;409018;0;0;0;409018;07-03-2018;SD162039815;Contado
BVTG-47;STATION WAGON;MERCEDES BENZ;2009;2018;312618;0;0;0;312618;07-03-2018;SU162002509;Contado
YR-8474;CAMIONETA;MITSUBISHI;2005;2018;48389;0;0;0;48389;08-03-2018;CT166003505;Contado
TS-3573;AUTOMOVIL;CHEVROLET;2000;2018;23510;0;0;0;23510;08-03-2018;SD050017400;Contado
LJ-6522;CAMIONETA;MITSUBISHI;1994;2018;11755;0;0;0;11755;08-03-2018;CT166001194;1ra. Cuota
BBTT-91;AUTOMOVIL;SUZUKI;2008;2018;23510;0;0;0;23510;08-03-2018;HB229009208;Contado
WV-4458;STATION WAGON;DAIHATSU;2008;2018;53389;0;0;0;53389;08-03-2018;SU059010008;Contado
BWXF-94;CAMIONETA;NISSAN;2009;2018;80189;0;0;0;80189;08-03-2018;CT176022809;Contado
HJCV-61;AUTOMOVIL;VOLKSWAGEN;2016;2018;41395;0;0;0;41395;08-03-2018;SD243016816;1ra. Cuota
FRHS-73;AUTOMOVIL;NISSAN;2013;2018;51389;0;0;0;51389;08-03-2018;HB176004913;Contado
BLXV-96;CAMIONETA;MITSUBISHI;2008;2018;32795;0;0;0;32795;08-03-2018;CT166004808;1ra. Cuota
GTZL-51;CAMIONETA;TOYOTA;2015;2017;149096;3280;15999;889;168375;09-03-2018;CT235013715;2da. Cuota
YRV-029;CARRO ARRASTRE;HECHIZO;2017;2018;23510;0;0;0;23510;09-03-2018; ;Contado
YRV-028;CARRO ARRASTRE;HECHIZO;2017;2018;23510;0;0;0;23510;09-03-2018; ;Contado
UT-5717;CAMIONETA;NISSAN;2001;2018;23510;0;0;0;23510;09-03-2018;CT176006301;Contado
SC-8977;AUTOMOVIL;SUZUKI;1998;2018;23510;0;0;0;23510;09-03-2018;SD229000798;Contado
VL-9548;CAMIONETA;CHEVROLET;2003;2018;11755;0;0;0;11755;09-03-2018;CT050016703;1ra. Cuota
VJ-3716;JEEP;SUZUKI;2002;2018;25500;0;0;0;25500;09-03-2018;SU229009302;Contado
FTSV-59;STATION WAGON;HYUNDAI;2001;2018;17095;0;0;0;17095;09-03-2018;VN111007501;1ra. Cuota
TX-7477;STATION WAGON;DAEWOO;2000;2018;23510;0;0;0;23510;09-03-2018;SU057000600;Contado
BYDG-55;STATION WAGON;DAIHATSU;2009;2018;27795;0;0;0;27795;09-03-2018;SU059010109;1ra. Cuota
RS-8835;AUTOMOVIL;SUZUKI;1998;2018;23510;0;0;0;23510;09-03-2018;HB229004198;Contado
BLZT-83;CAMIONETA;MAHINDRA;2008;2018;38389;0;0;0;38389;09-03-2018;CT154000608;Contado
GXXL-79;STATION WAGON;KIA MOTORS;2015;2018;550230;0;0;0;550230;09-03-2018;VN132010315;Contado
YJ-4857;STATION WAGON;KIA MOTORS;2005;2018;63189;0;0;0;63189;09-03-2018;SU132006205;Contado
JVCY-60;STATION WAGON;SUZUKI;2017;2018;61333;0;0;0;61333;09-03-2018;SU229027417;1ra. Cuota
BHDZ-52;CAMIONETA;NISSAN;2008;2018;56589;0;0;0;56589;09-03-2018;CT176017308;Contado
BRXB-30;CAMIONETA;TOYOTA;2008;2018;38195;0;0;0;38195;09-03-2018;CT235011608;1ra. Cuota
WG-2506;AUTOMOVIL;FIAT;2006;2018;23510;0;0;0;23510;12-03-2018;HB077009406;Contado
SS-9733;CAMIONETA;FORD;1999;2018;23510;0;0;0;23510;12-03-2018;CT079008399;Contado
NL-9309;AUTOMOVIL;TOYOTA;1995;2018;23510;0;0;0;23510;12-03-2018;SD235008795;Contado
GRYH-90;AUTOMOVIL;CHEVROLET;2014;2018;36589;0;0;0;36589;12-03-2018;HB050015114;Contado
CGRB-98;CAMIONETA;HYUNDAI;1999;2018;23510;0;0;0;23510;13-03-2018;CT111001199;Contado
GVWD-75;AUTOMOVIL;NISSAN;2015;2018;65389;0;0;0;65389;13-03-2018;HB176006115;Contado
GRCS-68;SEMI REMOLQUE;MONJE;2016;2017;70110;771;5316;0;76197;13-03-2018; ;Contado
ND-7307;CAMIONETA;TOYOTA;1995;2018;23510;0;0;0;23510;13-03-2018;CT235003595;Contado
CTFG-69;CAMIONETA;TOYOTA;2011;2018;135866;0;0;0;135866;13-03-2018;CT235011611;Contado
CLHR-92;CAMIONETA;NISSAN;2010;2018;50683;0;0;0;50683;13-03-2018;CT176028010;1ra. Cuota
HTZC-24;AUTOMOVIL;FIAT;2016;2018;80589;0;0;0;80589;13-03-2018;HB077017416;Contado
WV-4864;CAMIONETA;NISSAN;2007;2018;22395;0;0;0;22395;13-03-2018;CT176019507;1ra. Cuota
DRZC-21;CAMIONETA;TOYOTA;2013;2018;125383;0;0;0;125383;13-03-2018;CT235013413;1ra. Cuota
DZKL-45;CAMIONETA;VOLKSWAGEN;2013;2018;189266;0;0;0;189266;13-03-2018;CT243002513;Contado
CGZB-31;CAMIONETA;KIA MOTORS;2011;2018;62683;0;0;0;62683;14-03-2018;CT132005111;1ra. Cuota
JGRG-61;AUTOMOVIL;GREAT WALL;2017;2018;37795;0;0;0;37795;14-03-2018;SD091000817;1ra. Cuota
YRV-032;CARRO ARRASTRE;HECHIZO;2016;2018;23510;0;0;0;23510;14-03-2018; ;Contado
JZZJ-81;STATION WAGON;TOYOTA;2018;2018;355761;0;0;0;355761;14-03-2018;SU235010518;Contado
CPTS-44;AUTOMOVIL;CHEVROLET;2011;2018;27900;0;0;0;27900;14-03-2018;SD050026511;Contado
YP-9931;CAMIONETA;HYUNDAI;2005;2018;31189;0;0;0;31189;14-03-2018;CT111002605;Contado
JPFC-83;AUTOMOVIL;CHEVROLET;2017;2018;132266;0;0;0;132266;14-03-2018;SD050030917;Contado
BVTF-39;AUTOMOVIL;SUZUKI;2009;2018;23510;0;0;0;23510;14-03-2018;HB229009209;Contado
BGYR-79;CAMIONETA;TOYOTA;2008;2018;76389;0;0;0;76389;14-03-2018;CT235011608;Contado
LY-9750;JEEP;SUZUKI;1995;2018;23510;0;0;0;23510;14-03-2018;SU229001695;Contado
ZV-4698;AUTOMOVIL;KIA MOTORS;2006;2018;23510;0;0;0;23510;14-03-2018;SD132009306;Contado
XV-5014;CAMIONETA;TOYOTA;2004;2018;30389;0;0;0;30389;14-03-2018;CT235008904;Contado
DRZZ-35;CAMIONETA;TOYOTA;2012;2018;147266;0;0;0;147266;14-03-2018;CT235011512;Contado
XV-5480;CAMIONETA;CHEVROLET;2004;2018;12000;0;0;0;12000;14-03-2018;CT050020504;1ra. Cuota
DXXJ-65;AUTOMOVIL;CHEVROLET;2013;2018;15195;0;0;0;15195;14-03-2018;HB050012313;1ra. Cuota
TZ-4144;CAMIONETA;TOYOTA;2001;2018;27000;0;0;0;27000;14-03-2018;CT235004601;Contado
BJRY-95;AUTOMOVIL;NISSAN;2010;2018;30589;0;0;0;30589;14-03-2018;SD176021410;Contado
WG-2381;CAMIONETA;NISSAN;2006;2018;43389;0;0;0;43389;15-03-2018;CT176019706;Contado
UB-7729;STATION WAGON;TOYOTA;2001;2018;31189;0;0;0;31189;15-03-2018;SU235003101;Contado
SS-9327;AUTOMOVIL;CITROEN;1999;2018;11755;0;0;0;11755;15-03-2018;HB052008899;1ra. Cuota
BPPB-94;CAMIONETA;NISSAN;2008;2018;54189;0;0;0;54189;15-03-2018;CT176023808;Contado
LZ-2360;CAMIONETA;TOYOTA;1995;2017;23115;509;4252;0;27876;15-03-2018;CT235003595;Contado
LZ-2360;CAMIONETA;TOYOTA;1995;2018;23510;0;0;0;23510;15-03-2018;CT235003595;Contado
VH-3430;CAMIONETA;FORD;2002;2018;23510;0;0;0;23510;15-03-2018;CT079012302;Contado
QT-0580;MOTO;HONDA;2014;2018;23510;0;0;0;23510;15-03-2018;MT106029414;Contado
CLYG-13;JEEP;SUZUKI;2010;2018;71589;0;0;0;71589;15-03-2018;SU229024010;Contado
JPZC-27;STATION WAGON;MERCEDES BENZ;2017;2018;753180;0;0;0;753180;16-03-2018;VN162003417;Contado
JLVJ-41;CAMIONETA;FORD;2017;2018;1182030;0;0;0;1182030;16-03-2018;CT079018917;Contado
JLFC-75;CAMIONETA;FORD;2017;2018;512618;0;0;0;512618;16-03-2018;CT079017517;Contado
FZFY-68;AUTOMOVIL;MERCEDES BENZ;2014;2018;207566;0;0;0;207566;16-03-2018;HB162003314;Contado
DBJD-39;CAMIONETA;CHEVROLET;2012;2018;93266;0;0;0;93266;16-03-2018;CT050026712;Contado
JVCX-37;CAMIONETA;TOYOTA;2017;2018;264266;0;0;0;264266;16-03-2018;CT235014917;Contado
PX-5912;JEEP;TOYOTA;1996;2018;23510;0;0;0;23510;16-03-2018;SU235001996;Contado
DCGW-11;CAMIONETA;NISSAN;2011;2018;102266;0;0;0;102266;16-03-2018;CT176020011;Contado
BHGV-44;CAMIONETA;CHEVROLET;2008;2018;54189;0;0;0;54189;16-03-2018;CT050026008;Contado
UY-6856;CAMIONETA;CHEVROLET;2002;2018;23510;0;0;0;23510;16-03-2018;CT050012702;Contado
WH-7292;FURGON;KIA MOTORS;2006;2018;37989;0;0;0;37989;16-03-2018;VN132001606;Contado
CWJF-25;STATION WAGON;SUBARU;2011;2018;104366;0;0;0;104366;16-03-2018;SU227034311;Contado
CTVY-63;CAMIONETA;NISSAN;2011;2018;54433;0;0;0;54433;19-03-2018;CT176023711;1ra. Cuota
CFLZ-79;CAMIONETA;NISSAN;2010;2018;46483;0;0;0;46483;19-03-2018;CT176020310;1ra. Cuota
BKJK-38;CAMIONETA;CHEVROLET;2008;2018;47589;0;0;0;47589;19-03-2018;CT050025408;Contado
TP-9399;JEEP;SUZUKI;2000;2018;11755;0;0;0;11755;19-03-2018;SU229005100;1ra. Cuota
FPBD-58;CAMIONETA;TOYOTA;2013;2018;125383;0;0;0;125383;19-03-2018;CT235013413;1ra. Cuota
YN-7872;STATION WAGON;HYUNDAI;2005;2018;27895;0;0;0;27895;19-03-2018;VN111010105;1ra. Cuota
AL-9804;AUTOMOVIL;MITSUBISHI;1990;2018;23510;0;0;0;23510;19-03-2018;SD166001990;Contado
CKPK-95;CAMIONETA;GREAT WALL;2010;2018;37389;0;0;0;37389;19-03-2018;CT091001610;Contado
ZT-6006;CAMIONETA;NISSAN;2006;2018;43389;0;0;0;43389;19-03-2018;CT176019706;Contado
NJ-5925;CAMIONETA;CHEVROLET;1996;2018;23510;0;0;0;23510;19-03-2018;CT050003996;Contado
UE-3808;AUTOMOVIL;NISSAN;2004;2018;11755;0;0;0;11755;19-03-2018;SD176021404;1ra. Cuota
CSCP-34;CAMIONETA;TOYOTA;2010;2018;46033;0;0;0;46033;19-03-2018;CT235011510;1ra. Cuota
DKGF-35;CAMIONETA;TOYOTA;2012;2018;73633;0;0;0;73633;19-03-2018;CT235011512;1ra. Cuota
BPXJ-31;STATION WAGON;SUBARU;2008;2018;83989;0;0;0;83989;19-03-2018;SU227028208;Contado
BZSV-22;CAMIONETA;TOYOTA;2009;2018;75989;0;0;0;75989;19-03-2018;CT235011509;Contado
DLHY-86;CAMIONETA;TOYOTA;2012;2018;109033;0;0;0;109033;19-03-2018;CT235013412;1ra. Cuota
KW-7973;FURGON;PEUGEOT;2007;2018;27400;0;0;0;27400;19-03-2018;CO184005407;Contado
WF-9367;CAMIONETA;NISSAN;2006;2018;24795;0;0;0;24795;19-03-2018;CT176017506;1ra. Cuota
CFZS-91;AUTOMOVIL;HYUNDAI;2010;2018;19895;0;0;0;19895;19-03-2018;HB111004610;1ra. Cuota
DVWK-21;STATION WAGON;FORD;2012;2018;247466;0;0;0;247466;20-03-2018;SU079005312;Contado
YX-4627;CAMIONETA;CHEVROLET;2005;2018;23510;0;0;0;23510;20-03-2018;CT050019905;Contado
YN-5810;AUTOMOVIL;FIAT;2005;2018;23510;0;0;0;23510;20-03-2018;HB077011005;Contado
JJFR-56;STATION WAGON;FORD;2017;2018;145466;0;0;0;145466;20-03-2018;SU079007217;Contado
MY-2709;AUTOMOVIL;SUZUKI;2007;2018;23510;0;0;0;23510;20-03-2018;HB229009207;Contado
LF-8290;AUTOMOVIL;VOLKSWAGEN;1994;2018;23510;0;0;0;23510;20-03-2018;HB243002694;Contado
GXXV-68;CAMIONETA;MITSUBISHI;2015;2018;229766;0;0;0;229766;20-03-2018;CT166006015;Contado
FRWH-98;STATION WAGON;LIFAN;2013;2018;33389;0;0;0;33389;20-03-2018;CO146000713;Contado
DDZS-12;FURGON;PEUGEOT;2011;2018;24095;0;0;0;24095;20-03-2018;CO184009211;1ra. Cuota
DLBX-82;CAMIONETA;NISSAN;2012;2018;112766;0;0;0;112766;20-03-2018;CT176029312;Contado
GBSL-10;CAMIONETA;MITSUBISHI;2014;2018;244166;0;0;0;244166;20-03-2018;CT166005614;Contado
TL-5330;AUTOMOVIL;HYUNDAI;2000;2018;23510;0;0;0;23510;20-03-2018;SD111005700;Contado
VF-4384;AUTOMOVIL;CHEVROLET;2002;2018;23510;0;0;0;23510;20-03-2018;SD050018602;Contado
JPFC-36;AUTOMOVIL;SUZUKI;2017;2018;41189;0;0;0;41189;20-03-2018;HB229014917;Contado
JVVD-14;AUTOMOVIL;KIA MOTORS;2018;2018;132133;0;0;0;132133;20-03-2018;HB132010218;1ra. Cuota
DBHK-63;CAMIONETA;NISSAN;2011;2018;54433;0;0;0;54433;20-03-2018;CT176023711;1ra. Cuota
DRTR-56;CAMIONETA;TOYOTA;2012;2018;88633;0;0;0;88633;21-03-2018;CT235013312;1ra. Cuota
VA-9361;FURGON;PEUGEOT;2003;2018;24000;0;0;0;24000;21-03-2018;CO184002603;Contado
JTCY-65;CAMIONETA;HYUNDAI;2017;2018;320218;0;0;0;320218;21-03-2018;CT111006117;Contado
BSYV-54;CAMIONETA;MAZDA;2008;2018;53989;0;0;0;53989;21-03-2018;CT160008408;Contado
SD-5577;AUTOMOVIL;MAZDA;1998;2018;11755;0;0;0;11755;21-03-2018;SD160005798;1ra. Cuota
ZU-8032;CAMIONETA;CHEVROLET;2006;2018;37589;0;0;0;37589;21-03-2018;CT050024406;Contado
BFVP-70;CAMIONETA;SSANGYONG;2008;2018;34795;0;0;0;34795;21-03-2018;CT225001608;1ra. Cuota
CPZV-26;CAMIONETA;DODGE;2011;2018;148166;0;0;0;148166;21-03-2018;CT064006611;Contado
TJ-9436;AUTOMOVIL;FIAT;2000;2018;23510;0;0;0;23510;21-03-2018;HB077006400;Contado
NK-6059;CAMIONETA;HYUNDAI;1996;2018;23510;0;0;0;23510;21-03-2018;CT111000296;Contado
YW-7013;CAMIONETA;NISSAN;2007;2018;57389;0;0;0;57389;21-03-2018;CT176022907;Contado
FT-2898;CAMIONETA;CHEVROLET;1987;2018;11755;0;0;0;11755;21-03-2018;CT050001187;1ra. Cuota
RS-8324;AUTOMOVIL;SUBARU;1998;2018;23510;0;0;0;23510;21-03-2018;SU227007598;Contado
DTCV-88;AUTOMOVIL;SUZUKI;2012;2018;23510;0;0;0;23510;21-03-2018;HB229011012;Contado
HHKR-10;CAMIONETA;MITSUBISHI;2015;2018;221366;0;0;0;221366;21-03-2018;CT166005915;Contado
FU-7283;JEEP;SUZUKI;1984;2018;23510;0;0;0;23510;22-03-2018;SU229000884;Contado
XY-2095;CAMIONETA;FIAT;2004;2018;23510;0;0;0;23510;22-03-2018;CT077001004;Contado
WW-7779;CAMION;FORD;2007;2017;46740;514;3544;0;50798;22-03-2018; ;Contado
GBTD-39;CAMIONETA;TOYOTA;2014;2018;233066;0;0;0;233066;22-03-2018;CT235013314;Contado
YRV-018;CARRO ARRASTRE;HECHIZO;2014;2018;23510;0;0;0;23510;22-03-2018; ;Contado
DZJF-18;CAMIONETA;MITSUBISHI;2012;2018;134966;0;0;0;134966;22-03-2018;CT166004712;Contado
BLZJ-79;CAMIONETA;HYUNDAI;2008;2018;50989;0;0;0;50989;22-03-2018;CT111003408;Contado
GBRW-15;CAMIONETA;MAHINDRA;2013;2018;96566;0;0;0;96566;22-03-2018;CT154002113;Contado
YK-7046;CAMIONETA;NISSAN;2005;2018;21895;0;0;0;21895;22-03-2018;CT176017605;1ra. Cuota
JPDX-14;STATION WAGON;RENAULT;2017;2018;54883;0;0;0;54883;22-03-2018;SU197007617;1ra. Cuota
TC-7477;CAMIONETA;CHEVROLET;1999;2018;23510;0;0;0;23510;22-03-2018;CT050009499;Contado
UY-2077;TODO TERRENO;SUZUKI;2001;2018;24100;0;0;0;24100;22-03-2018;SU229009401;Contado
HVJJ-74;STATION WAGON;TOYOTA;2016;2018;137709;0;0;0;137709;22-03-2018;SU235010916;1ra. Cuota
DPKB-56;STATION WAGON;JEEP;2012;2018;115766;0;0;0;115766;23-03-2018;SU121004012;Contado
JTCW-51;AUTOMOVIL;SUZUKI;2017;2018;41189;0;0;0;41189;23-03-2018;HB229014917;Contado
FYFR-91;STATION WAGON;JEEP;2014;2018;633030;0;0;0;633030;23-03-2018;VN121003614;Contado
JSDW-92;CAMIONETA;CHEVROLET;2017;2018;920580;0;0;0;920580;23-03-2018;CT050033417;Contado
JLHC-93;AUTOMOVIL;AUDI;2017;2018;467418;0;0;0;467418;23-03-2018;HB013013017;Contado
HBDH-42;CAMIONETA;KIA MOTORS;2015;2018;238766;0;0;0;238766;23-03-2018;CT132005115;Contado
GFTV-74;CAMIONETA;MITSUBISHI;2014;2018;189866;0;0;0;189866;23-03-2018;CT166006014;Contado
YRV-021;CARRO ARRASTRE;HECHIZO;2015;2018;23510;0;0;0;23510;23-03-2018; ;Contado
DJ-4803;JEEP;DAIHATSU;1991;2017;11626;256;1248;69;13130;23-03-2018;SU059000591;2da. Cuota
DJ-4803;JEEP;DAIHATSU;1991;2018;23510;0;0;0;23510;23-03-2018;SU059000591;Contado
FGJZ-68;STATION WAGON;SSANGYONG;2013;2018;186866;0;0;0;186866;23-03-2018;SU225005713;Contado
DZYV-74;AUTOMOVIL;MERCEDES BENZ;2012;2018;296218;0;0;0;296218;23-03-2018;SD162024712;Contado
DTDS-65;CAMIONETA;CHEVROLET;2012;2018;236966;0;0;0;236966;23-03-2018;CT050029612;Contado
ZL-7750;AUTOMOVIL;HYUNDAI;2006;2018;16295;0;0;0;16295;23-03-2018;SD111010806;1ra. Cuota
BGYZ-39;AUTOMOVIL;VOLKSWAGEN;2008;2018;37789;0;0;0;37789;23-03-2018;HB243017608;Contado
DCCZ-23;CAMIONETA;MAZDA;2011;2018;119066;0;0;0;119066;23-03-2018;CT160010011;Contado
XN-6020;FURGON;RENAULT;2004;2018;23510;0;0;0;23510;23-03-2018;CO197001204;Contado
HTYW-58;STATION WAGON;BRILLIANCE;2015;2018;53233;0;0;0;53233;23-03-2018;SU035000415;1ra. Cuota
BCHX-71;AUTOMOVIL;KIA MOTORS;2008;2018;25100;0;0;0;25100;23-03-2018;SD132009308;Contado
XG-2758;CAMIONETA;MITSUBISHI;2004;2018;39189;0;0;0;39189;23-03-2018;CT166003204;Contado
YX-5106;CAMIONETA;NISSAN;2005;2018;13650;0;0;0;13650;23-03-2018;CT176018805;1ra. Cuota
JJFY-81;CAMIONETA;KIA MOTORS;2017;2018;145109;0;0;0;145109;23-03-2018;CT132006017;1ra. Cuota
GVKK-38;CAMIONETA;TOYOTA;2014;2018;132883;0;0;0;132883;23-03-2018;CT235013814;1ra. Cuota
YA-3836;CAMIONETA;TOYOTA;2005;2018;18895;0;0;0;18895;23-03-2018;CT235008905;1ra. Cuota
RG-3184;CAMIONETA;CHEVROLET;1997;2018;11755;0;0;0;11755;23-03-2018;CT050008597;1ra. Cuota
CKVD-97;FURGON;FIAT;2010;2018;23700;0;0;0;23700;23-03-2018;CO077000810;Contado
HCVH-76;CAMIONETA;MAHINDRA;2015;2018;160166;0;0;0;160166;26-03-2018;CT154003915;Contado
DJWX-53;CAMIONETA;MITSUBISHI;2012;2018;134966;0;0;0;134966;26-03-2018;CT166004712;Contado
RJ-2433;JEEP;SUZUKI;1998;2018;23510;0;0;0;23510;26-03-2018;SU229004498;Contado
FCLH-17;CAMIONETA;TOYOTA;2012;2018;177266;0;0;0;177266;26-03-2018;CT235013312;Contado
CCFJ-33;STATION WAGON;SUZUKI;2010;2018;26695;0;0;0;26695;26-03-2018;SU229022210;1ra. Cuota
XZ-0587;MOTO;HONDA;2011;2018;23510;0;0;0;23510;26-03-2018;MT106026311;Contado
BLZZ-37;STATION WAGON;KIA MOTORS;2008;2018;65989;0;0;0;65989;26-03-2018;SU132009208;Contado
LF-6055;AUTOMOVIL;DAEWOO;1994;2018;23510;0;0;0;23510;26-03-2018;SD057001194;Contado
CDWC-95;AUTOMOVIL;HYUNDAI;2010;2018;40989;0;0;0;40989;26-03-2018;SD111016410;Contado
BSTG-76;STATION WAGON;DAIHATSU;2008;2018;50589;0;0;0;50589;26-03-2018;SU059009508;Contado
GXVW-86;CAMIONETA;MITSUBISHI;2015;2018;114883;0;0;0;114883;26-03-2018;CT166006015;1ra. Cuota
CFDR-64;STATION WAGON;SUZUKI;2010;2018;80189;0;0;0;80189;26-03-2018;SU229024310;Contado
FHXG-27;CAMIONETA;NISSAN;2013;2018;152066;0;0;0;152066;26-03-2018;CT176023713;Contado
CFVP-46;CAMIONETA;MAHINDRA;2010;2018;54989;0;0;0;54989;26-03-2018;CT154000610;Contado
YR-3150;CAMIONETA;NISSAN;2005;2018;40189;0;0;0;40189;26-03-2018;CT176020005;Contado
XX-5781;CAMIONETA;NISSAN;2005;2018;47389;0;0;0;47389;26-03-2018;CT176018205;Contado
ZX-3361;STATION WAGON;HYUNDAI;2006;2018;70389;0;0;0;70389;26-03-2018;SU111005706;Contado
ZS-3066;CAMIONETA;NISSAN;2006;2018;44989;0;0;0;44989;26-03-2018;CT176020206;Contado
GLVG-25;AUTOMOVIL;FIAT;2014;2018;47989;0;0;0;47989;26-03-2018;HB077016614;Contado
CDRK-35;AUTOMOVIL;HYUNDAI;2010;2018;28389;0;0;0;28389;26-03-2018;HB111006410;Contado
DWZV-13;CAMIONETA;TOYOTA;2012;2018;88633;0;0;0;88633;26-03-2018;CT235013312;1ra. Cuota
YD-8052;CAMIONETA;FIAT;2005;2018;23510;0;0;0;23510;26-03-2018;CT077000905;Contado
HLWT-75;CAMIONETA;FORD;2020;2018;450218;0;0;0;450218;26-03-2018;CT079017520;Contado
FVRH-56;CAMIONETA;HUANGHAI;2013;2018;32995;0;0;0;32995;26-03-2018; ;1ra. Cuota
BLFT-95;CAMIONETA;NISSAN;2008;2018;62989;0;0;0;62989;26-03-2018;CT176020008;Contado
FDDW-41;STATION WAGON;KIA MOTORS;2013;2018;52633;0;0;0;52633;26-03-2018;SU132012313;1ra. Cuota
PU-5887;AUTOMOVIL;KIA MOTORS;1997;2018;23510;0;0;0;23510;27-03-2018;HB132000297;Contado
NE-7940;CAMIONETA;CHEVROLET;1995;2018;23510;0;0;0;23510;27-03-2018;CT050005295;Contado
WZ-7649;STATION WAGON;KIA MOTORS;2007;2018;54189;0;0;0;54189;27-03-2018;SU132009207;Contado
CRGS-25;CAMIONETA;NISSAN;2010;2018;33095;0;0;0;33095;27-03-2018;CT176019210;1ra. Cuota
WW-9483;FURGON;RENAULT;2007;2018;12350;0;0;0;12350;27-03-2018;CO197001207;1ra. Cuota
MY-4675;CAMIONETA;KIA MOTORS;2007;2018;48989;0;0;0;48989;27-03-2018;CT132004707;Contado
DPZP-49;STATION WAGON;HONDA;2012;2018;160709;0;0;0;160709;27-03-2018;SU106003512;1ra. Cuota
CRHG-86;CAMIONETA;MITSUBISHI;2010;2018;95966;0;0;0;95966;27-03-2018;CT166004710;Contado
ZT-1548;STATION WAGON;DAIHATSU;2006;2018;26900;0;0;0;26900;27-03-2018;SU059009106;Contado
JJBB-78;STATION WAGON;SUZUKI;2017;2018;123133;0;0;0;123133;27-03-2018;SU229029817;1ra. Cuota
GRYZ-29;STATION WAGON;SUZUKI;2014;2018;51583;0;0;0;51583;27-03-2018;CO229001914;1ra. Cuota
HYBH-52;STATION WAGON;BRILLIANCE;2016;2018;115466;0;0;0;115466;27-03-2018;SU035000716;Contado
BYJD-21;CAMIONETA;NISSAN;2009;2018;31495;0;0;0;31495;27-03-2018;CT176023909;1ra. Cuota
YV-1635;CAMIONETA;CHEVROLET;2005;2018;23510;0;0;0;23510;27-03-2018;CT050022805;Contado
HSRP-63;STATION WAGON;FORD;2016;2018;164366;0;0;0;164366;27-03-2018;SU079006216;Contado
HFVF-13;CAMIONETA;MITSUBISHI;2015;2018;229766;0;0;0;229766;27-03-2018;CT166006015;Contado
GYPJ-45;FURGON;NISSAN;2015;2018;250466;0;0;0;250466;27-03-2018;VN176004915;Contado
WP-9222;AUTOMOVIL;NISSAN;2007;2018;11900;0;0;0;11900;27-03-2018;SD176021407;1ra. Cuota
BGCJ-55;STATION WAGON;LAND ROVER;2008;2017;259957;5719;27896;1550;293572;27-03-2018;SU141004808;2da. Cuota
CFYL-29;CAMIONETA;NISSAN;2010;2018;37695;0;0;0;37695;27-03-2018;CT176028110;1ra. Cuota
DWJS-29;STATION WAGON;PEUGEOT;2012;2018;61933;0;0;0;61933;27-03-2018;SU184012512;1ra. Cuota
CCDJ-12;CAMIONETA;MAZDA;2009;2018;42095;0;0;0;42095;27-03-2018;CT160009809;1ra. Cuota
HVZX-70;CAMIONETA;MAZDA;2016;2018;177709;0;0;0;177709;27-03-2018;CT160012516;1ra. Cuota
DGXW-84;CAMIONETA;NISSAN;2011;2018;76589;0;0;0;76589;27-03-2018;CT176019211;Contado
GFVR-65;CAMIONETA;MITSUBISHI;2014;2018;189866;0;0;0;189866;28-03-2018;CT166006014;Contado
DKGF-26;CAMIONETA;TOYOTA;2012;2018;177266;0;0;0;177266;28-03-2018;CT235013312;Contado
FRWH-31;AUTOMOVIL;CHEVROLET;2013;2018;27195;0;0;0;27195;28-03-2018;SD050022513;1ra. Cuota
XS-9058;CAMIONETA;FORD;2004;2018;27300;0;0;0;27300;28-03-2018;CT079012304;Contado
YX-5196;FURGON;PEUGEOT;2005;2018;11900;0;0;0;11900;28-03-2018;CO184004105;1ra. Cuota
VE-7393;AUTOMOVIL;RENAULT;2002;2018;23510;0;0;0;23510;28-03-2018;SD197007502;Contado
LF-5574;CAMIONETA;CHEVROLET;1994;2018;23510;0;0;0;23510;28-03-2018;CT050003794;Contado
CKKF-71;CAMIONETA;TOYOTA;2010;2018;52933;0;0;0;52933;28-03-2018;CT235011610;1ra. Cuota
YX-3976;STATION WAGON;KIA MOTORS;2005;2018;35789;0;0;0;35789;28-03-2018;SU132004205;Contado
BDVW-29;CAMIONETA;MITSUBISHI;2008;2018;37495;0;0;0;37495;28-03-2018;CT166004708;1ra. Cuota
BVDJ-91;CAMIONETA;NISSAN;2009;2018;59589;0;0;0;59589;28-03-2018;CT176023809;Contado
DRYY-96;AUTOMOVIL;CHEVROLET;2012;2018;33989;0;0;0;33989;28-03-2018;SD050026512;Contado
ZX-2125;FURGON;FIAT;2006;2018;23510;0;0;0;23510;28-03-2018;CO077000906;Contado
WZ-9532;CAMIONETA;MITSUBISHI;2007;2018;79189;0;0;0;79189;28-03-2018;CT166004307;Contado
DLZG-65;CAMIONETA;CHEVROLET;2012;2018;132866;0;0;0;132866;28-03-2018;CT050030212;Contado
FZGX-47;AUTOMOVIL;HYUNDAI;2014;2018;40789;0;0;0;40789;28-03-2018;HB111009814;Contado
XD-2001;STATION WAGON;HONDA;2004;2018;42189;0;0;0;42189;28-03-2018;SU106002604;Contado
VT-7939;CAMIONETA;CHEVROLET;2003;2018;23600;0;0;0;23600;28-03-2018;CT050015103;Contado
WA-8869;CAMIONETA;NISSAN;2006;2018;34989;0;0;0;34989;28-03-2018;CT176019106;Contado
XR-9463;MINIBUS PARTICULAR;HYUNDAI;2006;2018;26595;0;0;0;26595;28-03-2018;VN111009806;1ra. Cuota
YN-9821;CAMIONETA;MITSUBISHI;2005;2018;14995;0;0;0;14995;28-03-2018;CT166002505;1ra. Cuota
CBPH-42;CAMIONETA;GREAT WALL;2009;2018;23510;0;0;0;23510;28-03-2018;CT091000309;Contado
WW-7192;CAMIONETA;MITSUBISHI;2007;2018;31195;0;0;0;31195;28-03-2018;CT166004507;1ra. Cuota
UC-8345;CAMIONETA;MAZDA;2001;2018;27600;0;0;0;27600;28-03-2018;CT160004201;Contado
SH-2547;STATION WAGON;SUZUKI;1998;2018;23510;0;0;0;23510;28-03-2018;SU229005298;Contado
GKJZ-54;AUTOMOVIL;CHERY;2014;2018;23510;0;0;0;23510;28-03-2018;HB049000114;Contado
FSYB-25;AUTOMOVIL;CHEVROLET;2013;2018;25800;0;0;0;25800;28-03-2018;HB050011413;Contado
CKPL-48;CAMIONETA;FORD;2011;2018;67933;0;0;0;67933;28-03-2018;CT079015411;1ra. Cuota
BRSS-58;STATION WAGON;FORD;2008;2018;42789;0;0;0;42789;28-03-2018;SU079004508;Contado
TY-5465;CAMIONETA;HYUNDAI;1994;2018;23510;0;0;0;23510;28-03-2018;CT111000294;Contado
TW-2668;CAMIONETA;FORD;2007;2018;47189;0;0;0;47189;28-03-2018;CT079011607;Contado
DCWC-90;AUTOMOVIL;SUZUKI;2011;2018;23510;0;0;0;23510;28-03-2018;HB229011011;Contado
UD-7564;JEEP;HYUNDAI;2001;2018;26800;0;0;0;26800;28-03-2018;SU111003201;Contado
SY-8582;JEEP;SUZUKI;1999;2018;23510;0;0;0;23510;28-03-2018;SU229004499;Contado
FBBZ-34;CAMIONETA;CHEVROLET;2012;2018;109633;0;0;0;109633;28-03-2018;CT050031212;1ra. Cuota
GSFX-17;CAMIONETA;DODGE;2014;2018;343018;0;0;0;343018;28-03-2018;CT064007414;Contado
DDFX-18;CAMIONETA;VOLKSWAGEN;2011;2018;65233;0;0;0;65233;28-03-2018;CT243003511;1ra. Cuota
TJ-2631;CAMIONETA;MAZDA;2000;2018;23510;0;0;0;23510;28-03-2018;CT160003400;Contado
WT-8753;STATION WAGON;HYUNDAI;2007;2018;22195;0;0;0;22195;28-03-2018;SU111005007;1ra. Cuota
YX-4095;AUTOMOVIL;VOLKSWAGEN;2005;2018;23510;0;0;0;23510;28-03-2018;HB243011705;Contado
GCCG-17;STATION WAGON;KIA MOTORS;2014;2018;91466;0;0;0;91466;28-03-2018;HB132006814;Contado
CRVZ-53;AUTOMOVIL;SUZUKI;2011;2018;23510;0;0;0;23510;28-03-2018;HB229011111;Contado
UN-2637;CAMIONETA;FORD;2001;2018;23510;0;0;0;23510;28-03-2018;CT079010501;Contado
SR-7192;CAMIONETA;KIA MOTORS;1999;2018;23510;0;0;0;23510;28-03-2018;CT132001299;Contado
ZX-1624;AUTOMOVIL;FIAT;2006;2018;23510;0;0;0;23510;28-03-2018;SD077004806;Contado
NJ-3014;CAMIONETA;TOYOTA;1996;2018;23510;0;0;0;23510;28-03-2018;CT235003696;Contado
TF-2283;CAMIONETA;NISSAN;1999;2018;23510;0;0;0;23510;28-03-2018;CT176004599;Contado
TH-9574;AUTOMOVIL;SUZUKI;2000;2018;23510;0;0;0;23510;28-03-2018;HB229003500;Contado
NF-4419;FURGON;ASIA MOTORS;1995;2018;23510;0;0;0;23510;28-03-2018;VN010000395;Contado
BLZR-12;CAMIONETA;NISSAN;2008;2018;48589;0;0;0;48589;28-03-2018;CT176019008;Contado
WF-4901;CAMIONETA;MAZDA;2006;2018;41189;0;0;0;41189;28-03-2018;CT160006406;Contado
ZX-3493;AUTOMOVIL;RENAULT;2006;2018;23510;0;0;0;23510;28-03-2018;SD197010306;Contado
JPCV-30;CAMIONETA;TOYOTA;2017;2018;459018;0;0;0;459018;28-03-2018;CT235015217;Contado
PN-8478;CAMIONETA;TOYOTA;1997;2018;23510;0;0;0;23510;28-03-2018;CT235003597;Contado
UJ-2154;STATION WAGON;HYUNDAI;2001;2018;26800;0;0;0;26800;28-03-2018;SU111003201;Contado
HSRL-61;AUTOMOVIL;NISSAN;2016;2018;73389;0;0;0;73389;28-03-2018;HB176006116;Contado
ZS-2221;AUTOMOVIL;FIAT;2006;2018;23510;0;0;0;23510;28-03-2018;HB077011006;Contado
SA-8726;STATION WAGON;SUBARU;1998;2018;23510;0;0;0;23510;28-03-2018;SU227002898;Contado
PE-3360;AUTOMOVIL;OPEL;1996;2018;11755;0;0;0;11755;28-03-2018;SD181002396;1ra. Cuota
FBWY-12;STATION WAGON;FORD;2013;2018;121783;0;0;0;121783;28-03-2018;SU079006513;1ra. Cuota
SW-4882;JEEP;TOYOTA;2007;2018;80789;0;0;0;80789;28-03-2018;VN235003407;Contado
CZZH-45;CAMIONETA;CHEVROLET;2011;2018;107366;0;0;0;107366;28-03-2018;CT050028911;Contado
FFYV-87;CAMIONETA;FORD;2013;2018;250766;0;0;0;250766;28-03-2018;CT079017513;Contado
FRYC-62;STATION WAGON;MAHINDRA;2013;2018;101366;0;0;0;101366;28-03-2018;SU154000913;Contado
FWCH-84;STATION WAGON;VOLVO;2013;2018;439418;0;0;0;439418;28-03-2018;SU244006413;Contado
BDXT-44;STATION WAGON;SUZUKI;2008;2018;35195;0;0;0;35195;28-03-2018;SU229019608;1ra. Cuota
GDKG-77;CAMIONETA;TOYOTA;2014;2018;132883;0;0;0;132883;28-03-2018;CT235013814;1ra. Cuota
CBRB-79;CAMIONETA;TOYOTA;2010;2018;52933;0;0;0;52933;28-03-2018;CT235011610;1ra. Cuota
BKCV-65;CAMIONETA;MAZDA;2008;2018;53989;0;0;0;53989;28-03-2018;CT160008408;Contado
CYXF-14;AUTOMOVIL;HYUNDAI;2011;2018;44789;0;0;0;44789;28-03-2018;SD111014611;Contado
FRWH-61;AUTOMOVIL;CHEVROLET;2013;2018;47989;0;0;0;47989;28-03-2018;HB050014013;Contado
FLCJ-16;CAMIONETA;SSANGYONG;2013;2018;136166;0;0;0;136166;28-03-2018;CT225001313;Contado
PP-9059;AUTOMOVIL;HYUNDAI;1997;2018;23510;0;0;0;23510;28-03-2018;SD111004997;Contado
GPLL-17;CAMIONETA;MITSUBISHI;2014;2018;70933;0;0;0;70933;28-03-2018;CT166006114;1ra. Cuota
CGPL-65;CAMIONETA;GREAT WALL;2009;2018;23510;0;0;0;23510;28-03-2018;CT091001309;Contado
GXC-860;CARRO ARRASTRE;HECHIZO;2017;2018;23510;0;0;0;23510;28-03-2018; ;Contado
DZZH-29;CAMIONETA;MAHINDRA;2012;2018;65589;0;0;0;65589;28-03-2018;CT154001912;Contado
FFCH-26;AUTOMOVIL;SUZUKI;2013;2018;23510;0;0;0;23510;28-03-2018;HB229011013;Contado
GKPP-85;STATION WAGON;MITSUBISHI;2014;2018;158909;0;0;0;158909;28-03-2018;VN166006514;1ra. Cuota
JVJC-86;AUTOMOVIL;SUZUKI;2017;2018;41189;0;0;0;41189;28-03-2018;HB229014917;Contado
HSRH-70;AUTOMOVIL;CHEVROLET;2016;2018;52633;0;0;0;52633;28-03-2018;SD050030716;1ra. Cuota
BVFP-38;STATION WAGON;CHEVROLET;2009;2018;38989;0;0;0;38989;29-03-2018;SU050005509;Contado
CTJH-36;CAMIONETA;NISSAN;2011;2018;112766;0;0;0;112766;29-03-2018;CT176025911;Contado
GYPJ-46;MINIBUS PARTICULAR;NISSAN;2015;2018;288618;0;0;0;288618;29-03-2018;VN176005115;Contado
UT-7278;JEEP;LAND ROVER;2002;2018;30589;0;0;0;30589;29-03-2018;SU141001802;Contado
HCHG-30;AMBULANCIA;VOLKSWAGEN;2015;2018;379818;0;0;0;379818;29-03-2018;VN243007315;Contado
RV-3295;CAMIONETA;FORD;1998;2018;23510;0;0;0;23510;29-03-2018;CT079004998;Contado
GBSC-41;CAMIONETA;NISSAN;2014;2018;149666;0;0;0;149666;29-03-2018;CT176030514;Contado
FYYY-72;AMBULANCIA;TOYOTA;2014;2018;226166;0;0;0;226166;29-03-2018;CT235013714;Contado
DZBK-20;MINIBUS PARTICULAR;VOLKSWAGEN;2012;2018;156566;0;0;0;156566;29-03-2018;VN243003312;Contado
GTTK-12;CAMIONETA;MITSUBISHI;2015;2018;229766;0;0;0;229766;29-03-2018;CT166006015;Contado
DWPK-50;CAMIONETA;NISSAN;2012;2018;66283;0;0;0;66283;29-03-2018;CT176025912;1ra. Cuota
JCCH-17;MINIBUS PARTICULAR;MAXUS;2017;2018;477194;0;0;0;477194;29-03-2018;VN159000217;Contado
JGJZ-64;STATION WAGON;GREAT WALL;2017;2018;59533;0;0;0;59533;29-03-2018;SU091002217;1ra. Cuota
CHWV-65;CAMIONETA;NISSAN;2010;2018;40995;0;0;0;40995;29-03-2018;CT176027510;1ra. Cuota
CKKJ-25;FURGON;HYUNDAI;2010;2018;41495;0;0;0;41495;29-03-2018;VN111012210;1ra. Cuota
CFVP-83;CAMIONETA;TOYOTA;2010;2018;88933;0;0;0;88933;29-03-2018;CT235013010;1ra. Cuota
TU-3357;CAMIONETA;HYUNDAI;2000;2018;23510;0;0;0;23510;29-03-2018;CT111000900;Contado
NE-3508;CAMIONETA;NISSAN;1995;2018;23510;0;0;0;23510;29-03-2018;CT176001795;Contado
HSRS-41;AUTOMOVIL;KIA MOTORS;2016;2018;33295;0;0;0;33295;29-03-2018;HB132007916;1ra. Cuota
HBVD-76;CAMIONETA;MAHINDRA;2014;2018;64333;0;0;0;64333;29-03-2018;CT154002414;1ra. Cuota
HDCZ-60;STATION WAGON;DAIHATSU;2015;2018;116366;0;0;0;116366;29-03-2018;SU059011715;Contado
LT-8434;CAMIONETA;HYUNDAI;1995;2018;23510;0;0;0;23510;29-03-2018;CT111000295;Contado
FTBW-89;CAMIONETA;MAHINDRA;2013;2018;92966;0;0;0;92966;29-03-2018;CT154002513;Contado
WW-7233;AUTOMOVIL;FORD;2007;2018;24600;0;0;0;24600;29-03-2018;SD079011907;Contado
YA-3742;CAMIONETA;TOYOTA;2005;2018;18895;0;0;0;18895;29-03-2018;CT235008905;1ra. Cuota
HBVV-65;AUTOMOVIL;SUZUKI;2015;2018;28989;0;0;0;28989;29-03-2018;HB229009215;Contado
WZ-8700;AUTOMOVIL;SUZUKI;2007;2018;23510;0;0;0;23510;29-03-2018;HB229008407;Contado
DF-9613;CAMIONETA;TOYOTA;1991;2018;23510;0;0;0;23510;29-03-2018;CT235002091;Contado
SL-6213;CAMIONETA;CHEVROLET;1998;2018;23510;0;0;0;23510;29-03-2018;CT050008698;Contado
BVKF-21;CAMIONETA;NISSAN;2009;2018;40895;0;0;0;40895;29-03-2018;CT176024309;1ra. Cuota
JDXC-27;AUTOMOVIL;VOLKSWAGEN;2017;2018;47533;0;0;0;47533;29-03-2018;SD243016817;1ra. Cuota
RY-2658;AUTOMOVIL;KIA MOTORS;1998;2018;11755;0;0;0;11755;29-03-2018;HB132000598;1ra. Cuota
YRV-020;CARRO ARRASTRE;HECHIZO;2015;2018;23510;0;0;0;23510;29-03-2018; ;Contado
VY-2941;AUTOMOVIL;HONDA;2004;2018;45589;0;0;0;45589;29-03-2018;SD106008404;Contado
GBGB-91;CAMIONETA;DODGE;2013;2018;264709;0;0;0;264709;29-03-2018;CT064007513;1ra. Cuota
GFLC-47;CAMIONETA;MAZDA;2014;2018;184509;0;0;0;184509;29-03-2018;CT160011614;1ra. Cuota
GRVC-39;CASA RODANTE;FORD;2007;2018;204434;0;0;0;204434;29-03-2018; ;1ra. Cuota
FZGW-95;STATION WAGON;ZOTYE;2014;2018;21895;0;0;0;21895;29-03-2018;SU266000514;1ra. Cuota
BKZG-38;STATION WAGON;GREAT WALL;2008;2018;32389;0;0;0;32389;29-03-2018;SU091000308;Contado
CRBJ-26;CAMIONETA;CHEVROLET;2010;2018;43333;0;0;0;43333;29-03-2018;CT050028910;1ra. Cuota
YF-6912;STATION WAGON;SUBARU;2005;2018;36189;0;0;0;36189;29-03-2018;SU227018605;Contado
TC-7515;CAMIONETA;CHEVROLET;1999;2018;23510;0;0;0;23510;29-03-2018;CT050010399;Contado
ZT-9971;AUTOMOVIL;FIAT;2006;2018;23510;0;0;0;23510;29-03-2018;HB077010206;Contado
FFGR-28;CAMIONETA;CHEVROLET;2013;2018;162866;0;0;0;162866;29-03-2018;CT050030213;Contado
TZ-4205;JEEP;SUZUKI;2001;2018;23510;0;0;0;23510;29-03-2018;SU229005101;Contado
GSTR-19;CAMIONETA;NISSAN;2015;2018;113383;0;0;0;113383;29-03-2018;CT176031615;1ra. Cuota
DBDT-35;CAMIONETA;NISSAN;2011;2018;58389;0;0;0;58389;29-03-2018;CT176029111;Contado
KU-7829;CAMIONETA;CHEVROLET;1993;2018;23510;0;0;0;23510;29-03-2018;CT050003793;Contado
UP-2742;CAMIONETA;MAZDA;2001;2018;24600;0;0;0;24600;29-03-2018;CT160004501;Contado
HGSB-46;AUTOMOVIL;SUZUKI;2015;2018;15995;0;0;0;15995;29-03-2018;HB229012015;1ra. Cuota
RG-4349;STATION WAGON;SUBARU;1997;2018;23510;0;0;0;23510;29-03-2018;SU227004397;Contado
RS-9317;CAMIONETA;TOYOTA;1997;2018;11755;0;0;0;11755;29-03-2018;CT235003597;1ra. Cuota
FGKR-99;CAMIONETA;NISSAN;2013;2018;63283;0;0;0;63283;29-03-2018;CT176030513;1ra. Cuota
BVTJ-74;CAMIONETA;CHANGAN;2011;2018;23510;0;0;0;23510;29-03-2018;CT047000111;Contado
DTCV-56;CAMIONETA;NISSAN;2012;2018;67389;0;0;0;67389;29-03-2018;CT176029112;Contado
FRPS-70;AUTOMOVIL;NISSAN;2013;2018;51389;0;0;0;51389;29-03-2018;HB176004913;Contado
BSKT-21;CAMIONETA;NISSAN;2008;2018;33095;0;0;0;33095;29-03-2018;CT176020308;1ra. Cuota
RY-7251;JEEP;SUZUKI;1998;2018;23510;0;0;0;23510;29-03-2018;SU229003398;Contado
JBWY-91;STATION WAGON;FORD;2017;2018;93733;0;0;0;93733;02-04-2018;SU079006217;1ra. Cuota
GTZL-51;CAMIONETA;TOYOTA;2015;2018;260666;0;0;0;260666;02-04-2018;CT235013715;Contado
HTZJ-70;CAMIONETA;FORD;2016;2018;225109;0;0;0;225109;02-04-2018;CT079017516;1ra. Cuota
DTPB-73;CAMIONETA;SSANGYONG;2012;2018;51133;0;0;0;51133;02-04-2018;CT225002212;1ra. Cuota
JDWT-34;AUTOMOVIL;HYUNDAI;2017;2018;30695;0;0;0;30695;02-04-2018;HB111015517;1ra. Cuota
PV-2084;AUTOMOVIL;SUZUKI;1997;2018;23510;0;0;0;23510;02-04-2018;HB229004197;Contado
HGSR-65;CAMIONETA;FIAT;2016;2018;43783;0;0;0;43783;02-04-2018;CT077001916;1ra. Cuota
SN-4331;CAMIONETA;KIA MOTORS;1998;2018;23510;0;0;0;23510;02-04-2018;CT132000498;Contado
UC-6938;AUTOMOVIL;SUZUKI;2000;2018;23510;0;0;0;23510;02-04-2018;HB229003500;Contado
WV-8834;AUTOMOVIL;SUZUKI;2007;2018;40389;0;0;0;40389;02-04-2018;SU229021507;Contado
AM-0512;CUATRIMOTO;CF MOTO;2014;2018;26900;0;0;0;26900;02-04-2018;MT046000614;Contado
CBPD-99;AUTOMOVIL;KIA MOTORS;2009;2018;23900;0;0;0;23900;02-04-2018;HB132002409;Contado
DT-8045;CAMIONETA;CHEVROLET;1992;2018;23510;0;0;0;23510;02-04-2018;CT050001192;Contado
WV-9580;AUTOMOVIL;CHEVROLET;2007;2018;23510;0;0;0;23510;02-04-2018;SD050021507;Contado
FL-3141;AUTOMOVIL;MAZDA;1985;2018;23510;0;0;0;23510;02-04-2018;SD160001385;Contado
FPWT-77;FURGON;LIFAN;2013;2018;26500;0;0;0;26500;02-04-2018;CO146000113;Contado
CDVY-76;STATION WAGON;KIA MOTORS;2010;2018;64989;0;0;0;64989;02-04-2018;SU132010410;Contado
JVJG-18;CAMIONETA;FIAT;2017;2018;85033;0;0;0;85033;02-04-2018;CT077002817;1ra. Cuota
JVJD-74;STATION WAGON;TOYOTA;2017;2018;385140;0;0;0;385140;02-04-2018;SU235009917;1ra. Cuota
WW-9915;AUTOMOVIL;HYUNDAI;2007;2018;29189;0;0;0;29189;02-04-2018;HB111005107;Contado
YRV-024;CARRO ARRASTRE;FENDT;2000;2018;23510;0;0;0;23510;02-04-2018; ;Contado
VL-9550;STATION WAGON;HYUNDAI;2003;2018;20795;0;0;0;20795;02-04-2018;SU111002903;1ra. Cuota
PK-2719;STATION WAGON;NISSAN;1996;2018;23510;0;0;0;23510;03-04-2018;SU176004196;Contado
VF-6233;STATION WAGON;SUZUKI;2002;2018;44189;0;0;0;44189;03-04-2018;SU229011102;Contado
WH-7320;CAMIONETA;KIA MOTORS;2006;2018;53789;0;0;0;53789;03-04-2018;CT132003906;Contado
BFRF-70;CAMIONETA;HYUNDAI;2008;2018;56989;0;855;0;57844;03-04-2018;CT111003608;Contado
VS-9951;STATION WAGON;HYUNDAI;2003;2018;36589;0;549;0;37138;04-04-2018;SU111002803;Contado
UL-3205;FURGON;SUZUKI;2001;2018;23510;0;353;0;23863;04-04-2018;VN229000101;Contado
VA-6159;AUTOMOVIL;SUZUKI;2002;2018;23510;0;353;0;23863;04-04-2018;HB229004102;Contado
CTJB-95;CAMIONETA;VOLKSWAGEN;2011;2018;170666;0;2560;0;173226;04-04-2018;CT243002111;Contado
PZ-1208;JEEP;SUZUKI;1997;2018;23510;0;353;0;23863;04-04-2018;SU229004397;Contado
KG-8822;AUTOMOVIL;SUBARU;1993;2018;23510;0;353;0;23863;04-04-2018;SD227004693;Contado
DPJG-60;CAMIONETA;MITSUBISHI;2012;2018;134966;0;2024;0;136990;05-04-2018;CT166004712;Contado
DPPZ-58;STATION WAGON;MAHINDRA;2012;2018;68589;0;0;0;68589;28-02-2018;SU154000312;Contado
FVRG-96;CAMIONETA;TOYOTA;2013;2018;174866;0;0;0;174866;01-03-2018;CT235013213;Contado
FGKS-92;CAMIONETA;FORD;2013;2018;377818;0;0;0;377818;02-03-2018;CT079017913;Contado
RJ-9449;AUTOMOVIL;MAZDA;1998;2018;23510;0;0;0;23510;05-03-2018;SD160005898;Contado
TY-3455;CAMIONETA;TOYOTA;2000;2018;24800;0;0;0;24800;06-03-2018;CT235004100;Contado
UZ-5918;AUTOMOVIL;FIAT;2002;2018;23510;0;0;0;23510;07-03-2018;SD077003702;Contado
CRVZ-89;STATION WAGON;HYUNDAI;2014;2018;183566;0;0;0;183566;07-03-2018;SU111009114;Contado
CJWX-66;AUTOMOVIL;SUZUKI;2010;2018;19795;0;0;0;19795;08-03-2018;HB229007710;1ra. Cuota
CKPP-53;CAMIONETA;MITSUBISHI;2010;2018;84589;0;0;0;84589;08-03-2018;CT166004510;Contado
FCJR-49;CAMIONETA;CHEVROLET;2012;2018;66433;0;0;0;66433;08-03-2018;CT050030212;1ra. Cuota
DS-9221;JEEP;NISSAN;1992;2018;23510;0;0;0;23510;08-03-2018;SU176001692;Contado
FRGV-46;CAMIONETA;TOYOTA;2013;2018;125383;0;0;0;125383;08-03-2018;CT235013413;1ra. Cuota
XL-8382;CAMIONETA;MITSUBISHI;2004;2018;25900;0;0;0;25900;09-03-2018;CT166002504;Contado
DXXW-96;STATION WAGON;JEEP;2012;2018;261266;0;0;0;261266;11-03-2018;SU121004712;Contado
UG-5586;STATION WAGON;SUBARU;2001;2018;13150;0;0;0;13150;11-03-2018;SU227011801;1ra. Cuota
CDVY-80;AUTOMOVIL;TOYOTA;2010;2018;61589;0;0;0;61589;12-03-2018;HB235004610;Contado
GZHP-43;AUTOMOVIL;RENAULT;2015;2018;61589;0;0;0;61589;12-03-2018;SD197012715;Contado
PL-9021;STATION WAGON;SUBARU;1997;2018;23510;0;0;0;23510;13-03-2018;SU227004797;Contado
FFWL-95;CAMIONETA;CHEVROLET;2013;2018;79483;0;0;0;79483;13-03-2018;CT050026813;1ra. Cuota
CCFY-54;CAMIONETA;NISSAN;2010;2018;68589;0;0;0;68589;13-03-2018;CT176023810;Contado
GGZZ-59;CAMIONETA;FIAT;2014;2018;89066;0;0;0;89066;14-03-2018;CT077002014;Contado
BZ-9915;CAMIONETA;CHEVROLET;1989;2018;23510;0;0;0;23510;14-03-2018;CT050003889;Contado
FDFL-67;AUTOMOVIL;HYUNDAI;2013;2018;38789;0;0;0;38789;15-03-2018;HB111009713;Contado
HGSB-76;AUTOMOVIL;CHEVROLET;2015;2018;28095;0;0;0;28095;16-03-2018;SD050028215;1ra. Cuota
CYXF-20;CAMIONETA;MAHINDRA;2011;2018;63589;0;0;0;63589;16-03-2018;CT154001211;Contado
FJHP-29;CAMIONETA;CHEVROLET;2013;2018;84283;0;0;0;84283;17-03-2018;CT050032013;1ra. Cuota
FTSK-31;CAMIONETA;NISSAN;2013;2018;137666;0;0;0;137666;18-03-2018;CT176030913;Contado
FTSK-32;CAMIONETA;NISSAN;2013;2018;137666;0;0;0;137666;18-03-2018;CT176030913;Contado
DRYY-84;CAMIONETA;NISSAN;2012;2018;128366;0;0;0;128366;18-03-2018;CT176030412;Contado
DFDH-81;CAMIONETA;MITSUBISHI;2011;2018;109766;0;0;0;109766;18-03-2018;CT166004711;Contado
FPKL-79;STATION WAGON;FORD;2013;2018;51583;0;0;0;51583;19-03-2018;SU079006213;1ra. Cuota
DJDG-98;CAMIONETA;TOYOTA;2012;2018;88633;0;0;0;88633;19-03-2018;CT235013312;1ra. Cuota
CRHB-38;CAMIONETA;CHEVROLET;2010;2018;87866;0;0;0;87866;19-03-2018;CT050027210;Contado
DYWY-24;STATION WAGON;HYUNDAI;2012;2018;154766;0;0;0;154766;19-03-2018;SU111010812;Contado
FLBF-61;CAMIONETA;TOYOTA;2013;2018;131683;0;0;0;131683;19-03-2018;CT235013013;1ra. Cuota
UC-8698;CAMIONETA;CHEVROLET;2001;2018;11755;0;0;0;11755;20-03-2018;CT050012701;1ra. Cuota
BDKG-98;CAMIONETA;SSANGYONG;2008;2018;28495;0;0;0;28495;21-03-2018;CT225001208;1ra. Cuota
BBTW-70;CAMIONETA;MITSUBISHI;2008;2018;69789;0;0;0;69789;21-03-2018;CT166004508;Contado
TU-8565;JEEP;SUZUKI;2000;2018;23510;0;0;0;23510;21-03-2018;SU229005100;Contado
BHTF-87;STATION WAGON;SUZUKI;2008;2018;66589;0;0;0;66589;21-03-2018;SU229018508;Contado
CDWS-43;STATION WAGON;BMW;2010;2018;195909;0;0;0;195909;21-03-2018;SU032002610;1ra. Cuota
BGJZ-73;JEEP;JEEP;2009;2018;64333;0;0;0;64333;21-03-2018;VN121001809;1ra. Cuota
ZX-2123;FURGON;MITSUBISHI;2006;2018;31789;0;0;0;31789;21-03-2018;VN166002306;Contado
FDGR-97;FURGON;CITROEN;2012;2018;74189;0;0;0;74189;21-03-2018;CO052006712;Contado
CPTL-59;AUTOMOVIL;CHEVROLET;2011;2018;37589;0;0;0;37589;21-03-2018;HB050012211;Contado
FZVZ-72;CAMIONETA;NISSAN;2014;2018;175466;0;0;0;175466;21-03-2018;CT176030614;Contado
FKWJ-55;CAMIONETA;KIA MOTORS;2013;2018;158366;0;0;0;158366;21-03-2018;CT132005013;Contado
DVKZ-38;FURGON;HYUNDAI;2012;2018;145766;0;0;0;145766;21-03-2018;VN111014912;Contado
DDFK-17;FURGON;CITROEN;2011;2018;125066;0;0;0;125066;21-03-2018;CO052006111;Contado
ZA-5224;CAMIONETA;CHEVROLET;2006;2018;33989;0;0;0;33989;22-03-2018;CT050021206;Contado
CLFY-89;AUTOMOVIL;TOYOTA;2010;2018;23795;0;0;0;23795;22-03-2018;HB235002510;1ra. Cuota
VV-6738;CAMIONETA;MITSUBISHI;2003;2018;23510;0;0;0;23510;22-03-2018;CT166002703;Contado
FHFW-58;AUTOMOVIL;KIA MOTORS;2013;2018;23995;0;0;0;23995;23-03-2018;HB132004213;1ra. Cuota
MY-2009;CAMIONETA;TOYOTA;2007;2018;28195;0;0;0;28195;23-03-2018;CT235010207;1ra. Cuota
XY-9258;STATION WAGON;NISSAN;2004;2018;43189;0;0;0;43189;23-03-2018;SU176016204;Contado
TY-7523;AUTOMOVIL;MERCEDES BENZ;1998;2018;39989;0;0;0;39989;23-03-2018;SD162009998;Contado
VZ-9148;AUTOMOVIL;HYUNDAI;2004;2018;23510;0;0;0;23510;23-03-2018;SD111009604;Contado
UC-7014;STATION WAGON;HYUNDAI;2001;2018;32989;0;0;0;32989;23-03-2018;VN111007001;Contado
FLCC-52;CAMIONETA;KIA MOTORS;2013;2018;158366;0;0;0;158366;23-03-2018;CT132005013;Contado
UT-1228;CAMIONETA;CHEVROLET;2002;2018;23510;0;0;0;23510;26-03-2018;CT050012602;Contado
HBSX-52;STATION WAGON;HYUNDAI;2015;2018;115033;0;0;0;115033;26-03-2018;SU111016315;1ra. Cuota
CBPV-31;STATION WAGON;CHEVROLET;2010;2018;43183;0;0;0;43183;26-03-2018;SU050006610;1ra. Cuota
BFRK-14;AUTOMOVIL;FORD;2008;2018;31389;0;0;0;31389;26-03-2018;HB079011108;Contado
BTVP-19;STATION WAGON;FORD;2009;2018;98966;0;0;0;98966;26-03-2018;VN079005509;Contado
GKPD-18;AUTOMOVIL;CHEVROLET;2008;2018;28200;0;0;0;28200;26-03-2018;SD050022108;Contado
BDVJ-63;STATION WAGON;HYUNDAI;2008;2018;98366;0;0;0;98366;27-03-2018;SU111005708;Contado
NP-7113;CAMIONETA;FORD;1996;2018;23510;0;0;0;23510;27-03-2018;CT079002996;Contado
CRFS-54;JEEP;SUZUKI;2010;2018;53789;0;0;0;53789;27-03-2018;SU229022310;Contado
UH-6111;AUTOMOVIL;VOLKSWAGEN;2001;2018;23510;0;0;0;23510;27-03-2018;HB243006601;Contado
NA-2825;AUTOMOVIL;DAEWOO;1996;2018;23510;0;0;0;23510;27-03-2018;SD057002196;Contado
CKWC-44;CAMIONETA;TATA;2011;2018;60389;0;0;0;60389;28-03-2018;CT231000211;Contado
VC-7399;FURGON;PEUGEOT;2002;2018;23510;0;0;0;23510;28-03-2018;CO184001802;Contado
HGSH-36;STATION WAGON;SUZUKI;2015;2018;83789;0;0;0;83789;28-03-2018;SU229026315;Contado
HZZJ-52;CAMIONETA;MAHINDRA;2016;2018;78283;0;0;0;78283;28-03-2018;CT154002816;1ra. Cuota
CWCR-39;CAMIONETA;TATA;2011;2018;60389;0;0;0;60389;28-03-2018;CT231000211;Contado
HFRZ-81;AUTOMOVIL;CHEVROLET;2015;2018;57589;0;0;0;57589;28-03-2018;HB050015015;Contado
DLCT-45;STATION WAGON;JAC;2012;2018;41989;0;0;0;41989;28-03-2018;SU117001012;Contado
BGCJ-55;STATION WAGON;LAND ROVER;2008;2018;225309;0;0;0;225309;28-03-2018;SU141004808;1ra. Cuota
PZ-3103;CAMIONETA;TOYOTA;1997;2018;23510;0;0;0;23510;28-03-2018;CT235003697;Contado
BKTX-61;STATION WAGON;FORD;2008;2018;42789;0;0;0;42789;28-03-2018;SU079004508;Contado
YC-2809;AUTOMOVIL;NISSAN;2005;2018;23510;0;0;0;23510;28-03-2018;SD176021405;Contado
FLJR-79;AUTOMOVIL;SUZUKI;2013;2018;26300;0;0;0;26300;29-03-2018;HB229011313;Contado
FPFZ-30;CAMIONETA;TOYOTA;2013;2018;102433;0;0;0;102433;29-03-2018;CT235013313;1ra. Cuota
BXBL-63;AUTOMOVIL;SUZUKI;2009;2018;23510;0;0;0;23510;29-03-2018;HB229006909;Contado
CVSV-63;STATION WAGON;KIA MOTORS;2011;2018;103766;0;0;0;103766;29-03-2018;SU132012611;Contado
RX-9892;CAMIONETA;TOYOTA;1998;2018;23510;0;0;0;23510;29-03-2018;CT235003598;Contado
SD-8237;CAMIONETA;MAZDA;1998;2018;23700;0;0;0;23700;29-03-2018;CT160001898;Contado
DPLB-31;CAMIONETA;TOYOTA;2012;2018;73633;0;0;0;73633;29-03-2018;CT235011512;1ra. Cuota
GWKT-30;CAMIONETA;MITSUBISHI;2015;2018;195266;0;0;0;195266;29-03-2018;CT166005715;Contado
CGPT-53;STATION WAGON;DAIHATSU;2010;2018;70389;0;0;0;70389;29-03-2018;SU059009410;Contado
PB-5445;JEEP;DAIHATSU;1996;2018;23510;0;0;0;23510;30-03-2018;SU059000596;Contado
FPYW-52;FURGON;FIAT;2013;2018;19495;0;0;0;19495;30-03-2018;CO077000813;1ra. Cuota
FVJH-75;AUTOMOVIL;CHEVROLET;2013;2018;47789;0;0;0;47789;30-03-2018;HB050011313;Contado
HRPX-14;STATION WAGON;HONDA;2016;2018;281415;0;0;0;281415;30-03-2018;SU106003516;1ra. Cuota
DSS-015;MOTO;MV AGUSTA;2016;2018;214509;0;0;0;214509;30-03-2018;MT175002916;1ra. Cuota
GRYY-16;STATION WAGON;HONDA;2014;2018;129433;0;0;0;129433;31-03-2018;SU106004314;1ra. Cuota
BGRT-98;AUTOMOVIL;MITSUBISHI;2008;2018;66589;0;0;0;66589;31-03-2018;SD166006308;Contado
BCFW-92;AUTOMOVIL;SUZUKI;2007;2018;11755;0;0;0;11755;31-03-2018;HB229008307;1ra. Cuota
BDRL-88;CAMIONETA;NISSAN;2008;2018;40195;0;0;0;40195;31-03-2018;CT176018308;1ra. Cuota
CJK-065;MOTO;MOTORRAD;2015;2018;11755;0;0;0;11755;31-03-2018;MT173011315;1ra. Cuota
VP-1559;MINIBUS PARTICULAR;KIA MOTORS;2003;2018;40789;0;0;0;40789;01-04-2018;VN132005903;Contado
RA-3696;AUTOMOVIL;HYUNDAI;1997;2018;23510;0;0;0;23510;01-04-2018;SD111005097;Contado
BTXF-46;CAMIONETA;MAZDA;2009;2018;58189;0;0;0;58189;01-04-2018;CT160009509;Contado
HSRD-99;CAMIONETA;TOYOTA;2016;2018;550680;0;0;0;550680;01-04-2018;CT235014316;Contado
FGGF-72;CAMIONETA;SSANGYONG;2013;2018;86683;0;0;0;86683;01-04-2018;CT225002713;1ra. Cuota
DZVS-68;AUTOMOVIL;SUZUKI;2013;2018;23510;0;0;0;23510;02-04-2018;HB229011013;Contado
UU-7978;CAMIONETA;CHEVROLET;2001;2018;11755;0;0;0;11755;02-04-2018;CT050015101;1ra. Cuota
KJ-4937;JEEP;DAIHATSU;1993;2018;23510;0;0;0;23510;02-04-2018;SU059000593;Contado
RJ-9298;AUTOMOVIL;MITSUBISHI;1998;2018;23510;0;0;0;23510;02-04-2018;SD166003698;Contado
GXPW-76;CAMIONETA;DODGE;2015;2018;389818;0;5847;0;395665;05-04-2018;CT064009115;Contado
DLS-061;MOTO;MOTORRAD;2016;2018;23510;0;353;0;23863;06-04-2018;MT173011416;Contado
DCVV-55;CAMIONETA;ZX;2011;2018;30389;0;0;0;30389;04-03-2018;CT268000511;Contado
HHKR-11;CAMIONETA;MITSUBISHI;2015;2018;221366;0;3320;0;224686;06-04-2018;CT166005915;Contado
GFST-54;CAMIONETA;TOYOTA;2014;2018;298618;0;4479;0;303097;06-04-2018;CT235013414;Contado
KDVX-94;BUS;MERCEDES BENZ;2018;2018;47301;0;0;0;47301;06-04-2018; ;Contado
HC-2816;JEEP;SUZUKI;1990;2018;23510;0;353;0;23863;09-04-2018;SU229001290;Contado
RE-2348;CAMIONETA;KIA MOTORS;1997;2018;23510;0;353;0;23863;06-04-2018;CT132000897;Contado
NE-6049;AUTOMOVIL;BMW;1991;2018;23510;0;353;0;23863;07-04-2018;SD032005791;Contado
FWWH-61;CAMIONETA;CHEVROLET;2013;2018;162866;0;2443;0;165309;08-04-2018;CT050030213;Contado
CJTZ-78;CAMIONETA;CHEVROLET;2010;2018;86666;0;1300;0;87966;09-04-2018;CT050028910;Contado
FYGT-40;STATION WAGON;DONGFENG;2014;2018;59789;0;897;0;60686;09-04-2018;SU065000314;Contado
TL-1053;AUTOMOVIL;SUZUKI;2000;2018;23510;0;353;0;23863;10-04-2018;HB229003500;Contado
DWYK-81;CAMIONETA;NISSAN;2012;2018;173666;0;2605;0;176271;12-04-2018;CT176030212;Contado
PW-2801;CAMIONETA;MITSUBISHI;2007;2018;59389;0;891;0;60280;13-04-2018;CT166005107;Contado
ZV-6585;STATION WAGON;DAIHATSU;2006;2018;26900;0;404;0;27304;13-04-2018;SU059009106;Contado
NX-5142;CAMIONETA;CHEVROLET;1996;2018;23510;0;353;0;23863;13-04-2018;CT050003796;Contado
PH-1243;CAMIONETA;FORD;1996;2018;23510;0;353;0;23863;13-04-2018;CT079002396;Contado
YL-3328;CAMIONETA;MITSUBISHI;2006;2018;41189;0;618;0;41807;17-04-2018;CT166002606;Contado
ZT-6921;CAMIONETA;TOYOTA;2006;2018;52989;0;795;0;53784;19-04-2018;CT235011106;Contado
GVFV-31;CAMIONETA;TOYOTA;2014;2018;233066;0;3496;0;236562;20-04-2018;CT235013314;Contado
GFGX-70;FURGON;HAIMA;2014;2018;27200;0;408;0;27608;20-04-2018;CO095000114;Contado
FSXH-91;CAMIONETA;NISSAN;2013;2018;137666;0;2065;0;139731;25-04-2018;CT176030913;Contado
KBGC-10;STATION WAGON;MITSUBISHI;2018;2018;270245;0;4054;0;274299;26-04-2018;SU166003318;Contado
FXPV-15;CAMIONETA;HYUNDAI;2005;2018;31189;0;468;0;31657;27-04-2018;CT111003305;Contado
MK-0465;MOTO;HONDA;2013;2018;23510;0;353;0;23863;27-04-2018;MT106023013;Contado
UG-5377;CAMIONETA;CHEVROLET;2001;2014;20468;3091;17316;0;40875;30-04-2018;CT050009301;Contado
UG-5377;CAMIONETA;CHEVROLET;2001;2015;21599;2181;13198;0;36978;30-04-2018;CT050009301;Contado
UG-5377;CAMIONETA;CHEVROLET;2001;2016;22478;1146;8859;0;32483;30-04-2018;CT050009301;Contado
UG-5377;CAMIONETA;CHEVROLET;2001;2017;23115;509;4607;0;28231;30-04-2018;CT050009301;Contado
UG-5377;CAMIONETA;CHEVROLET;2001;2018;23510;0;353;0;23863;30-04-2018;CT050009301;Contado
YN-6021;CAMIONETA;CHEVROLET;2005;2018;23510;0;353;0;23863;30-04-2018;CT050023205;Contado
CDTZ-69;CAMIONETA;TOYOTA;2010;2018;170366;0;2555;0;172921;10-04-2018;VN235004710;Contado
DXVB-50;CAMIONETA;NISSAN;2012;2018;128666;0;1930;0;130596;13-04-2018;CT176023712;Contado
ZV-6598;STATION WAGON;SUBARU;2006;2018;60989;0;915;0;61904;24-04-2018;SU227019206;Contado
WE-4497;MINIBUS PARTICULAR;HYUNDAI;2006;2018;46789;94;1406;0;48289;03-05-2018;VN111009906;Contado
KJDS-99;CAMIONETA;NISSAN;2018;2018;378315;0;5675;0;383990;03-05-2018;CT176032418;Contado
KHTC-68;CAMIONETA;NISSAN;2018;2018;378315;0;5675;0;383990;03-05-2018;CT176032418;Contado
BFJS-48;STATION WAGON;JEEP;2008;2018;66189;0;0;0;66189;29-03-2018;SU121002608;Contado
EV-6674;CAMIONETA;TOYOTA;1988;2018;23510;47;707;0;24264;04-05-2018;CT235000388;Contado
DBKX-29;CAMIONETA;FIAT;2011;2018;44589;89;1340;0;46018;04-05-2018;CT077001711;Contado
ZU-7584;MINIBUS PARTICULAR;HYUNDAI;2006;2017;49464;1088;9099;0;59651;09-05-2018;VN111009706;Contado
YRV-030;CARRO ARRASTRE;HECHIZO;2018;2018;23510;0;0;0;23510;09-05-2018; ;Contado
YE-3151;AUTOMOVIL;FIAT;2005;2018;23510;47;707;0;24264;09-05-2018;HB077010905;Contado
YRV-017;CARRO ARRASTRE;HECHIZO;2009;2018;23510;47;707;0;24264;14-05-2018; ;Contado
YE-3765;FURGON;KIA MOTORS;2005;2018;32589;65;980;0;33634;15-05-2018;VN132001605;Contado
VV-5056;STATION WAGON;VOLKSWAGEN;2003;2018;23510;47;707;0;24264;18-05-2018;SU243002803;Contado
VU-8855;JEEP;NISSAN;1995;2018;23510;47;707;0;24264;22-05-2018;SU176002795;Contado
RZ-6625;CAMIONETA;KIA MOTORS;1998;2018;23510;47;707;0;24264;28-05-2018;CT132000698;Contado
JGRW-31;MINIBUS;HYUNDAI;2017;2018;47301;0;0;0;47301;30-05-2018; ;Contado
BHVS-69;MINIBUS;MERCEDES BENZ;2008;2018;47301;0;0;0;47301;31-05-2018; ;Contado
CGYL-86;MINIBUS;TOYOTA;2010;2018;47301;0;0;0;47301;31-05-2018; ;Contado
BYTF-92;MINIBUS;JAC;2011;2018;47301;0;0;0;47301;31-05-2018; ;Contado
XB-3596;MINIBUS ESCOLAR;MITSUBISHI;2004;2018;47301;0;0;0;47301;31-05-2018; ;Contado
JKHS-70;MINIBUS;FORD;2017;2018;47301;0;0;0;47301;31-05-2018; ;Contado
HBXR-59;BUS;MERCEDES BENZ;2015;2018;47301;0;0;0;47301;31-05-2018; ;Contado
DDDB-20;BUS;MERCEDES BENZ;2011;2018;47301;0;0;0;47301;31-05-2018; ;Contado
ZS-2254;MINIBUS;HYUNDAI;2006;2018;47301;0;0;0;47301;31-05-2018; ;Contado
MY-3011;MINIBUS;HYUNDAI;2007;2018;47301;0;0;0;47301;31-05-2018; ;Contado
YRV-023;CARRO ARRASTRE;HECHIZO;2016;2018;23510;0;0;0;23510;01-06-2018; ;Contado
YRV-031;CARRO ARRASTRE;HECHIZO;2018;2018;23510;0;0;0;23510;18-06-2018; ;Contado
JZWG-71;MINIBUS;MERCEDES BENZ;2018;2018;47301;142;712;0;48155;19-06-2018; ;Contado
HSGY-32;MINIBUS;TOYOTA;2016;2018;47301;142;712;0;48155;20-06-2018; ;Contado
DZBZ-81;CAMIONETA;NISSAN;2012;2018;112766;677;5105;0;118548;27-06-2018;CT176029312;Contado
BFLJ-11;CAMIONETA;SSANGYONG;2008;2018;56989;456;3447;0;60892;05-07-2018;CT225001208;Contado
BFRG-90;CAMIONETA;MAZDA;2008;2018;75789;606;4584;0;80979;06-07-2018;CT160008808;Contado
RV-1951;STATION WAGON;CHEVROLET;1998;2018;23510;188;1422;0;25120;09-07-2018;SD050013898;Contado
KS-3000;AUTOMOVIL;CITROEN;1993;2018;23510;141;1064;0;24715;10-07-2018;HB052002593;Contado
YRV-040;CARRO ARRASTRE;HECHIZO;2018;2018;23510;0;0;0;23510;12-07-2018; ;Contado
YRV-167;CARRO ARRASTRE;S/MARCA;2016;2018;23510;188;1422;0;25120;12-07-2018; ;Contado
ST-4449;AUTOMOVIL;DAEWOO;1999;2017;11626;360;1978;69;13964;13-07-2018;HB057000899;2da. Cuota
ST-4449;AUTOMOVIL;DAEWOO;1999;2018;23510;188;1422;0;25120;13-07-2018;HB057000899;Contado
YRV-039;CARRO ARRASTRE;HECHIZO;2017;2018;23510;0;0;0;23510;19-07-2018; ;Contado
RR-7876;CAMIONETA;HYUNDAI;1998;2018;23510;188;1422;0;25120;20-07-2018;CT111000698;Contado
KHRB-14;CAMIONETA;FOTON;2018;2018;34381;0;0;0;34381;26-07-2018;CT080008118;Contado
DXXJ-65;AUTOMOVIL;CHEVROLET;2013;2018;15285;138;0;91;15423;02-08-2018;HB050012313;2da. Cuota
BYJD-21;CAMIONETA;NISSAN;2009;2018;31809;286;0;315;32095;07-08-2018;CT176023909;2da. Cuota
CFLZ-79;CAMIONETA;NISSAN;2010;2018;46948;0;0;465;46948;08-08-2018;CT176020310;2da. Cuota
HBK-098;MOTO;UM;2018;2018;23346;0;2451;0;25797;09-08-2018; ;Contado
FTSV-59;STATION WAGON;HYUNDAI;2001;2018;17265;0;0;171;17265;08-08-2018;VN111007501;2da. Cuota
HJCV-61;AUTOMOVIL;VOLKSWAGEN;2016;2018;41808;0;0;414;41808;09-08-2018;SD243016816;2da. Cuota
HTYW-58;STATION WAGON;BRILLIANCE;2015;2018;53765;0;0;532;53765;10-08-2018;SU035000415;2da. Cuota
JVCY-60;STATION WAGON;SUZUKI;2017;2018;61946;0;0;613;61946;10-08-2018;SU229027417;2da. Cuota
JJBB-78;STATION WAGON;SUZUKI;2017;2018;124364;0;0;1231;124364;10-08-2018;SU229029817;2da. Cuota
SE-1599;CAMIONETA;KIA MOTORS;1998;2012;19569;2016;24931;0;46516;13-08-2018;CT132000398;Contado
SE-1599;CAMIONETA;KIA MOTORS;1998;2013;20003;1720;21180;0;42903;13-08-2018;CT132000398;Contado
SE-1599;CAMIONETA;KIA MOTORS;1998;2014;20468;3295;18892;0;42655;13-08-2018;CT132000398;Contado
YN-9821;CAMIONETA;MITSUBISHI;2005;2018;15144;136;0;150;15280;17-08-2018;CT166002505;2da. Cuota
DKGF-35;CAMIONETA;TOYOTA;2012;2018;74369;669;0;736;75038;20-08-2018;CT235011512;2da. Cuota
YA-3742;CAMIONETA;TOYOTA;2005;2018;19083;172;0;189;19255;20-08-2018;CT235008905;2da. Cuota
BSKT-21;CAMIONETA;NISSAN;2008;2018;33425;301;0;331;33726;20-08-2018;CT176020308;2da. Cuota
YRV-041;CARRO ARRASTRE;DIMARINE;2018;2018;23510;0;0;0;23510;21-08-2018; ;Contado
CCFJ-33;STATION WAGON;SUZUKI;2010;2018;26961;0;0;267;26961;14-08-2018;SU229022210;2da. Cuota
CRBJ-26;CAMIONETA;CHEVROLET;2010;2018;43766;0;0;433;43766;15-08-2018;CT050028910;2da. Cuota
BYDG-55;STATION WAGON;DAIHATSU;2009;2018;28072;0;0;278;28072;15-08-2018;SU059010109;2da. Cuota
WV-4864;CAMIONETA;NISSAN;2007;2018;22618;0;0;224;22618;18-08-2018;CT176019507;2da. Cuota
FPKL-79;STATION WAGON;FORD;2013;2018;52099;0;0;516;52099;20-08-2018;SU079006213;2da. Cuota
DDZS-12;FURGON;PEUGEOT;2011;2018;24335;219;0;241;24554;22-08-2018;CO184009211;2da. Cuota
VL-9550;STATION WAGON;HYUNDAI;2003;2018;21002;189;0;208;21191;23-08-2018;SU111002903;2da. Cuota
XV-5480;CAMIONETA;CHEVROLET;2004;2018;12120;109;0;120;12229;24-08-2018;CT050020504;2da. Cuota
HVJJ-74;STATION WAGON;TOYOTA;2016;2018;139086;1252;0;1377;140338;24-08-2018;SU235010916;2da. Cuota
HBVD-76;CAMIONETA;MAHINDRA;2014;2018;64976;585;0;643;65561;24-08-2018;CT154002414;2da. Cuota
HSRS-41;AUTOMOVIL;KIA MOTORS;2016;2018;33627;303;0;333;33930;24-08-2018;HB132007916;2da. Cuota
HGSR-65;CAMIONETA;FIAT;2016;2018;44221;398;0;438;44619;24-08-2018;CT077001916;2da. Cuota
LJ-6522;CAMIONETA;MITSUBISHI;1994;2018;11873;107;0;118;11980;24-08-2018;CT166001194;2da. Cuota
FPBD-58;CAMIONETA;TOYOTA;2013;2018;126637;1140;0;1254;127777;27-08-2018;CT235013413;2da. Cuota
JPDX-14;STATION WAGON;RENAULT;2017;2018;55432;0;0;549;55432;21-08-2018;SU197007617;2da. Cuota
FFWL-95;CAMIONETA;CHEVROLET;2013;2018;80278;0;0;795;80278;23-08-2018;CT050026813;2da. Cuota
FCJR-49;CAMIONETA;CHEVROLET;2012;2018;67097;0;0;664;67097;23-08-2018;CT050030212;2da. Cuota
FRGV-46;CAMIONETA;TOYOTA;2013;2018;126637;0;0;1254;126637;23-08-2018;CT235013413;2da. Cuota
DSS-015;MOTO;MV AGUSTA;2016;2018;216654;0;0;2145;216654;24-08-2018;MT175002916;2da. Cuota
GBGB-91;CAMIONETA;DODGE;2013;2018;267356;0;0;2647;267356;24-08-2018;CT064007513;2da. Cuota
FJHP-29;CAMIONETA;CHEVROLET;2013;2018;85126;0;0;843;85126;24-08-2018;CT050032013;2da. Cuota
FBWY-12;STATION WAGON;FORD;2013;2018;123001;0;0;1218;123001;25-08-2018;SU079006513;2da. Cuota
HBSX-52;STATION WAGON;HYUNDAI;2015;2018;116183;0;0;1150;116183;27-08-2018;SU111016315;2da. Cuota
DWZV-13;CAMIONETA;TOYOTA;2012;2018;89519;0;0;886;89519;27-08-2018;CT235013312;2da. Cuota
UE-3808;AUTOMOVIL;NISSAN;2004;2018;11873;107;0;118;11980;27-08-2018;SD176021404;2da. Cuota
JJFY-81;CAMIONETA;KIA MOTORS;2017;2018;146560;1319;0;1451;147879;27-08-2018;CT132006017;2da. Cuota
GVKK-38;CAMIONETA;TOYOTA;2014;2018;134212;1208;0;1329;135420;27-08-2018;CT235013814;2da. Cuota
YX-5106;CAMIONETA;NISSAN;2005;2018;13787;124;0;137;13911;27-08-2018;CT176018805;2da. Cuota
WT-8753;STATION WAGON;HYUNDAI;2007;2018;22416;202;0;222;22618;28-08-2018;SU111005007;2da. Cuota
CKKF-71;CAMIONETA;TOYOTA;2010;2018;53462;481;0;529;53943;28-08-2018;CT235011610;2da. Cuota
HVZX-70;CAMIONETA;MAZDA;2016;2018;179486;0;0;1777;179486;27-08-2018;CT160012516;2da. Cuota
DWJS-29;STATION WAGON;PEUGEOT;2012;2018;62552;0;0;619;62552;27-08-2018;SU184012512;2da. Cuota
CFYL-29;CAMIONETA;NISSAN;2010;2018;38071;0;0;377;38071;27-08-2018;CT176028110;2da. Cuota
HRPX-14;STATION WAGON;HONDA;2016;2018;284229;0;0;2814;284229;27-08-2018;SU106003516;2da. Cuota
VL-9548;CAMIONETA;CHEVROLET;2003;2018;11873;0;0;118;11873;27-08-2018;CT050016703;2da. Cuota
GFLC-47;CAMIONETA;MAZDA;2014;2018;186354;0;0;1845;186354;28-08-2018;CT160011614;2da. Cuota
BVKF-21;CAMIONETA;NISSAN;2009;2018;41303;372;0;409;41675;29-08-2018;CT176024309;2da. Cuota
CJWX-66;AUTOMOVIL;SUZUKI;2010;2018;19992;0;0;198;19992;28-08-2018;HB229007710;2da. Cuota
JVJG-18;CAMIONETA;FIAT;2017;2018;85883;0;0;850;85883;29-08-2018;CT077002817;2da. Cuota
YK-7046;CAMIONETA;NISSAN;2005;2018;22113;199;0;219;22312;29-08-2018;CT176017605;2da. Cuota
DRZC-21;CAMIONETA;TOYOTA;2013;2018;126637;1140;0;1254;127777;29-08-2018;CT235013413;2da. Cuota
GDKG-77;CAMIONETA;TOYOTA;2014;2018;134212;1208;0;1329;135420;29-08-2018;CT235013814;2da. Cuota
JVVD-14;AUTOMOVIL;KIA MOTORS;2018;2018;133454;1201;0;1321;134655;29-08-2018;HB132010218;2da. Cuota
DDFX-18;CAMIONETA;VOLKSWAGEN;2011;2018;65885;593;0;652;66478;29-08-2018;CT243003511;2da. Cuota
BDVW-29;CAMIONETA;MITSUBISHI;2008;2018;37869;341;0;375;38210;29-08-2018;CT166004708;2da. Cuota
WP-9222;AUTOMOVIL;NISSAN;2007;2018;12019;108;0;119;12127;29-08-2018;SD176021407;2da. Cuota
HTZJ-70;CAMIONETA;FORD;2016;2018;227360;2046;0;2251;229406;29-08-2018;CT079017516;2da. Cuota
GPLL-17;CAMIONETA;MITSUBISHI;2014;2018;71642;645;0;709;72287;29-08-2018;CT166006114;2da. Cuota
YX-5196;FURGON;PEUGEOT;2005;2018;12019;108;0;119;12127;29-08-2018;CO184004105;2da. Cuota
DBHK-63;CAMIONETA;NISSAN;2011;2018;54977;495;0;544;55472;30-08-2018;CT176023711;2da. Cuota
DPZP-49;STATION WAGON;HONDA;2012;2018;162316;1461;0;1607;163777;30-08-2018;SU106003512;2da. Cuota
FGKR-99;CAMIONETA;NISSAN;2013;2018;63916;575;0;633;64491;30-08-2018;CT176030513;2da. Cuota
CFVP-83;CAMIONETA;TOYOTA;2010;2018;89822;808;0;889;90630;30-08-2018;CT235013010;2da. Cuota
DJDG-98;CAMIONETA;TOYOTA;2012;2018;89519;0;0;886;89519;29-08-2018;CT235013312;2da. Cuota
JGJZ-64;STATION WAGON;GREAT WALL;2017;2018;60128;0;0;595;60128;29-08-2018;SU091002217;2da. Cuota
UU-7978;CAMIONETA;CHEVROLET;2001;2018;11873;107;0;118;11980;30-08-2018;CT050015101;2da. Cuota
CBRB-79;CAMIONETA;TOYOTA;2010;2018;53462;481;0;529;53943;30-08-2018;CT235011610;2da. Cuota
DRTR-56;CAMIONETA;TOYOTA;2012;2018;89519;806;0;886;90325;30-08-2018;CT235013312;2da. Cuota
YRV-010;CARRO ARRASTRE;HECHIZO;2011;2016;22478;1349;10365;0;34192;30-08-2018; ;Contado
YRV-010;CARRO ARRASTRE;HECHIZO;2011;2017;23115;740;6083;0;29938;30-08-2018; ;Contado
YRV-010;CARRO ARRASTRE;HECHIZO;2011;2018;23510;212;1779;0;25501;30-08-2018; ;Contado
CRGS-25;CAMIONETA;NISSAN;2010;2018;33425;301;0;331;33726;30-08-2018;CT176019210;2da. Cuota
JWPK-72;REMOLQUE B;GOREN;2018;2018;59423;0;0;0;59423;30-08-2018; ;Contado
MY-2009;CAMIONETA;TOYOTA;2007;2018;28476;0;0;282;28476;30-08-2018;CT235010207;2da. Cuota
FHFW-58;AUTOMOVIL;KIA MOTORS;2013;2018;24234;0;0;240;24234;30-08-2018;HB132004213;2da. Cuota
BGCJ-55;STATION WAGON;LAND ROVER;2008;2018;227562;0;0;2253;227562;30-08-2018;SU141004808;2da. Cuota
GKPP-85;STATION WAGON;MITSUBISHI;2014;2018;160498;0;0;1589;160498;30-08-2018;VN166006514;2da. Cuota
GRYZ-29;STATION WAGON;SUZUKI;2014;2018;52099;469;0;516;52568;31-08-2018;CO229001914;2da. Cuota
HSRH-70;AUTOMOVIL;CHEVROLET;2016;2018;53159;478;0;526;53637;31-08-2018;SD050030716;2da. Cuota
PE-3360;AUTOMOVIL;OPEL;1996;2018;11873;0;0;118;11873;30-08-2018;SD181002396;2da. Cuota
FZGW-95;STATION WAGON;ZOTYE;2014;2018;22113;199;0;219;22312;31-08-2018;SU266000514;2da. Cuota
TP-9399;JEEP;SUZUKI;2000;2018;11873;107;0;118;11980;31-08-2018;SU229005100;2da. Cuota
CKPL-48;CAMIONETA;FORD;2011;2018;68612;618;0;679;69230;31-08-2018;CT079015411;2da. Cuota
SS-9327;AUTOMOVIL;CITROEN;1999;2018;11873;107;0;118;11980;31-08-2018;HB052008899;2da. Cuota
DLHY-86;CAMIONETA;TOYOTA;2012;2018;110123;991;0;1090;111114;31-08-2018;CT235013412;2da. Cuota
WW-7192;CAMIONETA;MITSUBISHI;2007;2018;31506;284;0;312;31790;31-08-2018;CT166004507;2da. Cuota
BRXB-30;CAMIONETA;TOYOTA;2008;2018;38576;0;0;382;38576;31-08-2018;CT235011608;2da. Cuota
JBWY-91;STATION WAGON;FORD;2017;2018;94670;0;0;937;94670;31-08-2018;SU079006217;2da. Cuota
XR-9463;MINIBUS PARTICULAR;HYUNDAI;2006;2018;26860;0;0;266;26860;31-08-2018;VN111009806;2da. Cuota
HGSB-46;AUTOMOVIL;SUZUKI;2015;2018;16154;145;0;160;16299;31-08-2018;HB229012015;2da. Cuota
YA-3836;CAMIONETA;TOYOTA;2005;2018;19083;172;0;189;19255;31-08-2018;CT235008905;2da. Cuota
RG-3184;CAMIONETA;CHEVROLET;1997;2018;11873;107;0;118;11980;31-08-2018;CT050008597;2da. Cuota
CBPV-31;STATION WAGON;CHEVROLET;2010;2018;43615;393;0;432;44008;31-08-2018;SU050006610;2da. Cuota
GRYY-16;STATION WAGON;HONDA;2014;2018;130727;0;0;1294;130727;31-08-2018;SU106004314;2da. Cuota
GSTR-19;CAMIONETA;NISSAN;2015;2018;114517;0;0;1134;114517;31-08-2018;CT176031615;2da. Cuota
CHWV-65;CAMIONETA;NISSAN;2010;2018;41404;0;621;410;42025;03-09-2018;CT176027510;2da. Cuota
JDWT-34;AUTOMOVIL;HYUNDAI;2017;2018;31001;0;465;307;31466;03-09-2018;HB111015517;2da. Cuota
BDKG-98;CAMIONETA;SSANGYONG;2008;2018;28779;374;437;285;29590;04-09-2018;CT225001208;2da. Cuota
CGZB-31;CAMIONETA;KIA MOTORS;2011;2018;63310;823;962;627;65095;05-09-2018;CT132005111;2da. Cuota
DBCS-60;MINIBUS;HYUNDAI;2011;2016;45180;2575;20057;0;67812;06-09-2018; ;Contado
DBCS-60;MINIBUS;HYUNDAI;2011;2017;46368;1345;11451;0;59164;06-09-2018; ;Contado
DBCS-60;MINIBUS;HYUNDAI;2011;2018;47301;520;2869;0;50690;06-09-2018; ;Contado
RY-2658;AUTOMOVIL;KIA MOTORS;1998;2018;11873;154;180;118;12207;06-09-2018;HB132000598;2da. Cuota
JDXC-27;AUTOMOVIL;VOLKSWAGEN;2017;2018;48008;624;729;475;49361;07-09-2018;SD243016817;2da. Cuota
UT-2260;CAMIONETA;TOYOTA;2001;2018;23510;306;2143;0;25959;07-09-2018;CT235003501;Contado
JTCV-30;TRACTOR;SONALIKA;2017;2018;47681;0;0;0;47681;10-09-2018; ;Contado
JGRG-61;AUTOMOVIL;GREAT WALL;2017;2018;38172;496;580;378;39248;12-09-2018;SD091000817;2da. Cuota
FVRH-56;CAMIONETA;HUANGHAI;2013;2018;33324;433;506;330;34263;12-09-2018; ;2da. Cuota
CCWW-59;CAMION;MITSUBISHI;2010;2018;47681;0;0;0;47681;13-09-2018; ;Contado
YRV-038;CARRO ARRASTRE;HECHIZO;2018;2018;23510;0;0;0;23510;14-09-2018; ;Contado
WW-9483;FURGON;RENAULT;2007;2018;12474;162;190;124;12826;20-09-2018;CO197001207;2da. Cuota
FRWH-31;AUTOMOVIL;CHEVROLET;2013;2018;27466;0;0;272;27466;31-08-2018;SD050022513;2da. Cuota
BCFW-92;AUTOMOVIL;SUZUKI;2007;2018;11873;0;0;118;11873;31-08-2018;HB229008307;2da. Cuota
DPLB-31;CAMIONETA;TOYOTA;2012;2018;74369;0;0;736;74369;31-08-2018;CT235011512;2da. Cuota
DWPK-50;CAMIONETA;NISSAN;2012;2018;66946;268;1008;663;68222;01-09-2018;CT176025912;2da. Cuota
UG-5586;STATION WAGON;SUBARU;2001;2018;13282;53;200;132;13535;03-09-2018;SU227011801;2da. Cuota
BDRL-88;CAMIONETA;NISSAN;2008;2018;40596;162;611;402;41369;03-09-2018;CT176018308;2da. Cuota
CLFY-89;AUTOMOVIL;TOYOTA;2010;2018;24032;96;362;238;24490;03-09-2018;HB235002510;2da. Cuota
BFVP-70;CAMIONETA;SSANGYONG;2008;2018;35142;141;529;348;35812;04-09-2018;CT225001608;2da. Cuota
WF-9367;CAMIONETA;NISSAN;2006;2018;25042;100;377;248;25519;04-09-2018;CT176017506;2da. Cuota
HZZJ-52;CAMIONETA;MAHINDRA;2016;2018;79066;316;1191;783;80573;07-09-2018;CT154002816;2da. Cuota
CTVY-63;CAMIONETA;NISSAN;2011;2018;54977;220;828;544;56025;12-09-2018;CT176023711;2da. Cuota
FBBZ-34;CAMIONETA;CHEVROLET;2012;2018;110729;443;1668;1096;112840;14-09-2018;CT050031212;2da. Cuota
BDXT-44;STATION WAGON;SUZUKI;2008;2018;35546;142;535;352;36223;14-09-2018;SU229019608;2da. Cuota
CLHR-92;CAMIONETA;NISSAN;2010;2018;51190;205;771;507;52166;14-09-2018;CT176028010;2da. Cuota
CFZS-91;AUTOMOVIL;HYUNDAI;2010;2018;20093;80;303;199;20476;14-09-2018;HB111004610;2da. Cuota
CGBF-55;CAMIONETA;MITSUBISHI;2010;2018;45887;184;691;454;46762;20-09-2018;CT166004610;2da. Cuota
CSCP-34;CAMIONETA;TOYOTA;2010;2018;46493;604;706;460;47803;20-09-2018;CT235011510;2da. Cuota
UC-2574;CAMION;MERCEDES BENZ;2002;2018;47681;0;0;0;47681;24-09-2018; ;Contado
DRHY-21;CAMION;MERCEDES BENZ;2012;2018;95362;0;0;0;95362;24-09-2018; ;Contado
GKLW-67;CAMION;CHEVROLET;2015;2018;143043;0;0;0;143043;25-09-2018; ;Contado
YH-3066;CAMION;MITSUBISHI;2005;2018;47681;0;0;0;47681;26-09-2018; ;Contado
WR-8825;CAMION;DAIHATSU;2007;2018;47681;0;0;0;47681;26-09-2018; ;Contado
BU-4700;CAMION;MERCEDES BENZ;1988;2018;95362;0;0;0;95362;27-09-2018; ;Contado
DKCF-76;CAMION;CHEVROLET;2012;2018;47681;0;0;0;47681;27-09-2018; ;Contado
ZU-2699;CAMIONETA;CHEVROLET;2007;2018;23510;306;2143;0;25959;27-09-2018;CT050025207;Contado
FDDW-41;STATION WAGON;KIA MOTORS;2013;2018;53159;691;808;526;54658;28-09-2018;SU132012313;2da. Cuota
WG-7556;CAMION;FORD;2006;2018;95362;0;0;0;95362;01-10-2018; ;Contado
GRCS-68;SEMI REMOLQUE;MONJE;2016;2018;71522;0;0;0;71522;01-10-2018; ;Contado
YN-5615;CAMION;CHEVROLET;2005;2018;47681;0;0;0;47681;01-10-2018; ;Contado
RZ-6180;CAMION;HYUNDAI;1998;2018;47681;0;0;0;47681;02-10-2018; ;Contado
GRZD-98;CAMION;JMC;2014;2018;47681;0;0;0;47681;03-10-2018; ;Contado
XF-6311;CAMION;CHEVROLET;2004;2018;47681;0;0;0;47681;03-10-2018; ;Contado
BRRK-21;CAMION;FORD;2008;2018;143043;0;0;0;143043;04-10-2018; ;Contado
DTPB-73;CAMIONETA;SSANGYONG;2012;2018;51644;775;1573;511;53992;04-10-2018;CT225002212;2da. Cuota
WX-1619;CAMION;IVECO;2007;2018;143043;286;2150;0;145479;04-10-2018; ;Contado
ZU-6225;CAMION;MERCEDES BENZ;2006;2018;47681;95;717;0;48493;05-10-2018; ;Contado
BPPV-77;STATION WAGON;SUZUKI;2008;2018;35344;177;1066;350;36587;05-10-2018;SU229021008;2da. Cuota
FPFZ-30;CAMIONETA;TOYOTA;2013;2018;103457;517;3119;1024;107093;08-10-2018;CT235013313;2da. Cuota
HZY-063;MOTO;HONDA;2007;2018;15767;0;1183;0;16950;08-10-2018;MT106023007;Contado
GXVW-86;CAMIONETA;MITSUBISHI;2015;2018;116032;1740;3533;1149;121305;09-10-2018;CT166006015;2da. Cuota
YJ-5570;CAMION;HYUNDAI;2006;2018;47681;95;717;0;48493;09-10-2018; ;Contado
JVJD-74;STATION WAGON;TOYOTA;2017;2018;388991;1945;11728;3851;402664;09-10-2018;SU235009917;2da. Cuota
CJK-065;MOTO;MOTORRAD;2015;2018;11873;59;358;118;12290;12-10-2018;MT173011315;2da. Cuota
GRVC-39;CASA RODANTE;FORD;2007;2018;206478;3097;6287;2044;215862;16-10-2018; ;2da. Cuota
WW-7779;CAMION;FORD;2007;2018;47681;95;717;0;48493;19-10-2018; ;Contado
ZJ-8707;CAMION;FORD;2006;2018;47681;95;717;0;48493;19-10-2018; ;Contado
JRXH-81;AUTOMOVIL;SUZUKI;2017;2018;36556;548;1113;362;38217;22-10-2018;HB229014917;2da. Cuota
KRHT-44;CAMIONETA;HYUNDAI;2019;2018;113321;0;1700;0;115021;25-10-2018;CT111007519;Contado
SD-5577;AUTOMOVIL;MAZDA;1998;2018;11873;59;358;118;12290;29-10-2018;SD160005798;2da. Cuota
GHFP-61;CAMIONETA;KIA MOTORS;2014;2016;122386;8567;53036;2046;183989;06-11-2018;CT132005114;2da. Cuota
GHFP-61;CAMIONETA;KIA MOTORS;2014;2017;225488;9245;70420;0;305153;06-11-2018;CT132005114;Contado
JTCV-17;TRACTOR;EUROPARD;2017;2018;47681;238;1438;0;49357;08-11-2018; ;Contado
BGDK-24;CAMION;VOLKSWAGEN;2008;2018;143043;715;4313;0;148071;08-11-2018; ;Contado
YN-7872;STATION WAGON;HYUNDAI;2005;2018;28173;254;1279;279;29706;07-11-2018;VN111010105;2da. Cuota
UC-8698;CAMIONETA;CHEVROLET;2001;2018;11873;107;539;118;12519;19-11-2018;CT050012701;2da. Cuota
HGSB-76;AUTOMOVIL;CHEVROLET;2015;2018;28375;142;856;281;29373;25-10-2018;SD050028215;2da. Cuota
CKKJ-25;FURGON;HYUNDAI;2010;2018;41909;754;1920;415;44583;29-11-2018;VN111012210;2da. Cuota
